num.sigs,63
likelihood,48287.7
evidence,88032.54
relevance,0.253263967526535,0.622312155007226,0.366469463900739,6.31915794051557,0.613436264170763,2.04452948125953,0.959953133796087,23.9854343689384,2.74140871675772,0.823912309553176,0.56168519094568,0.415095239829645,4.35214266503523,0.977876200720966,0.524100348746848,2.81969953765317,3.88282897531551,0.679642372952991,0.541346402804735,2.43341759693782,0.00775193798449612,2.66026754420591,0.18405451115517,1.62516071687048,0.233015078261478,0.802678726727495,0.542763789038697,3.89526069531227,0.470022188516992,0.262431955177716,5.74267789316583,1.87851949353762,0.499894488727834,1.04564395079113,1.05404104340113,0.290267695806046,1.31953854293412,3.14551782500464,1.91866851200923,0.213342685578226,0.571450394665879,0.312518122339273,6.59284062706086,0.724753462229713,0.982660124889733,0.732177077472114,0.692056024987952,0.580466064122334,0.472367459387236,1.19476871130147,0.224976828282504,0.473017991863626,0.51061260114017,4.16427975387115,0.434982805879693,1.24491564661423,0.264641703269706,0.328629977707242,8.35778640897482,3.1775426244049,1.60132624945479,0.984672750095242,4.34286619035256,3.20539628040421
error,38324573
