num.sigs,61
likelihood,50688.48
evidence,85657.52
relevance,4.26320184129652,0.582811877539334,0.00775193798449612,3.4236452347745,0.475199199716847,1.70619868946971,0.00775193798449612,0.286602833902203,0.369365797531353,2.87314476174215,3.81147689214533,0.701486569328446,0.200740353304716,0.529480650102993,17.0346574470207,0.20435528356816,2.78489437104506,0.891491903559431,3.92004351753317,0.549130259271182,0.32010847843918,1.62218257419205,4.38743684345229,9.78589683940799,0.223746498354633,1.0900313750752,3.12551935053108,0.507229623492401,0.659092906017484,0.805244654122223,8.5009281093718,0.590144290272314,1.07364930430788,0.528221732185216,2.09744075098212,0.448261336838552,1.64529194373341,2.13328778847396,1.03437698248115,1.16179991934342,0.221401185429183,0.242803444024649,9.8463118787771,7.13984616862282,0.626611522054169,0.593875959767549,0.00775193798449612,1.25534198302079,0.646393475457949,0.461430901655393,3.75177927404746,4.10551907153689,2.80806334253884,1.20894534194903,0.625980831818294,1.15544580637149,0.476806778666072,0.458476568001028,0.723441124784339,0.3037149490698,0.435045208444996,1.13141339499418,0.781849366488479,0.573819917869705
error,41524459
