num.sigs,46
likelihood,44264.43
evidence,77176.04
relevance,2.94267582267244,0.798370286766874,5.71499512868444,4.36287577826358,0.783443869805036,1.75106479392026,4.54763519790911,1.3397861099743,2.81467317183328,4.00606644034041,1.12461445005373,2.30861332901874,6.41790179025756,29.8331389710154,10.380642089811,2.544268496986,12.2375631824206,0.820335469518338,1.86915055855001,5.72402084166007,1.55939250584821,4.02651021447444,2.41636291842618,0.982762212572104,0.657959276824393,3.71242572350772,3.65704646381855,1.1336346456138,1.35207839636834,1.44804341917789,0.712446434446544,6.18081708721143,2.57048256041763,1.08224184065115,1.13805921984341,0.764434916743453,8.06620690341587,0.474654777123241,1.45451876205884,2.6087179562636,2.07173855494729,2.41843652099742,5.50710251400133,9.81050951117648,1.24973240942439,11.3969321897431
error,41638328
