num.sigs,46
likelihood,44365.31
evidence,77193.87
relevance,0.804787875469513,11.3216175007557,1.12626206106958,4.55046867832077,2.44657055879043,3.55558692754918,3.55505317187317,1.45665706056714,0.878287000771053,3.73086858953643,2.30440830902755,0.752865342567409,1.23974856899008,1.6543334681319,4.32427461374677,0.769522170084506,1.64682536705778,6.06948564994516,5.84074512642429,3.55348097938814,1.26232484023562,1.35883417829402,1.99318164225235,5.3440203871858,1.53290235007032,2.14097091985979,9.22063484798808,2.31907905171403,11.8877551448238,1.90601929639339,2.10468114965379,1.31022072122944,6.26035828912311,1.1745833035127,1.4464098933864,1.80615682606043,0.482307554851924,0.334461645422268,4.97388759635104,5.26369753822321,3.92384680888885,1.27712412112237,0.739305441334544,7.62490916887941,12.167854287008,29.1055578885206
error,43606087
