num.sigs,62
likelihood,48850.25
evidence,86827.78
relevance,0.461299366059453,0.435097099909324,0.578272428949084,0.233745799580316,3.88027960959673,0.697630090765034,0.636706494632654,0.471061232549361,0.489665099495881,1.05271800324102,0.187176439056449,1.00274935478543,1.80005621233594,0.506786661780083,2.00973181580932,1.19263246568515,0.36448949801037,1.05490186264222,5.40574595586543,20.9365405736666,1.27917394794548,2.45747134242806,0.4800836251679,0.883689508567433,2.74310483957121,0.434413793054942,0.296031737201536,0.553040672545522,0.733103147485648,0.999155116733571,4.48367568164175,0.968441478786758,8.39317626080394,3.08882439504924,0.598105661483327,0.00775193798449612,3.82420054064157,0.581361584487816,0.497417358811042,1.02362366774837,0.704904442521252,0.808633095442507,0.315396850772897,0.378713867584173,1.61910925604179,4.16756464126776,9.59130452437761,0.00775193798449612,0.269731986877122,4.34231889393505,2.53403804811073,1.05625293912752,0.42128728639657,6.74721107771083,1.36062501967331,0.210084929229141,2.58043875563112,1.93823921972352,0.572599364217661,2.83313068969265,4.29531411510956,0.718677592375397,0.223364321117316,0.537625699140585
error,38432051
