"ex.sig","ref.sig","sim"
"signeR.1","ID2",0.999295192431548
"signeR.2","ID1",0.999980456755683
"signeR.4","ID5",0.945951782666116
"signeR.6","ID3",0.992868065224218
"signeR.8","ID4",0.9830694550305
