num.sigs,17
likelihood,79048.22
evidence,37893.56
relevance,0.00453926463912846,0.00453926463912846,0.00453926463912846,0.00453926463912846,0.158849928073254,0.150450214001763,0.831618916928727,0.00453926463912846,0.00453926463912846,0.356194953565297,6.77970012833642,0.103566953575838,0.00453926463912846,0.333264101378251,0.402995583368633,0.00453926463912846,0.489494368854182,0.210263283080286,0.209139106497358,0.254355353729979,0.418721256175994,3.15454408657367,0.573856152456776,0.275636761058674,0.00453926463912846,0.48562197922798
error,10101859
