num.sigs,46
likelihood,43292.7
evidence,75966.28
relevance,10.7423731329195,1.13406848198013,0.739231547330908,7.27109781555251,1.57992717753745,1.10491218213859,5.34584914685333,1.51815979486808,2.31903317159074,1.24625787090142,2.10112197282506,1.22999508499686,1.24881717695629,2.30351413998448,12.4921229441869,2.1001228259505,1.20391902951407,1.20596948131864,0.80640363272164,1.50255980811402,1.63394823247459,1.25640620096595,0.875292390318944,1.73942707737889,4.51133263645222,6.01189696083338,0.999303689019478,3.10680002814972,25.1325233919139,0.73358915333567,5.36383039125597,4.23284134550933,4.50345726507337,1.577620922503,3.80773617600973,11.5519652189082,17.1142973372307,1.77829276324352,1.46392449622226,1.35583409102002,7.47234023128126,3.70503036632473,1.36348554408903,3.49272012136555,3.35261347044716,0.861230296226712
error,41650279
