num.sigs,46
likelihood,43345.64
evidence,76473.58
relevance,2.14012893201753,3.19426747519315,1.72541865194918,4.35011295812595,10.1187306707161,1.25966174972589,6.08149371448326,4.69501212696636,1.22552932980517,5.09985461058326,2.12291433045174,0.477468089405578,0.824226889792287,27.007949767607,1.64782169369386,1.36649174272913,0.790299265176186,10.7073106066842,1.11190038917483,4.0815925131392,2.06423416022992,4.1556780905783,0.735467804910833,1.84133273090503,0.815956890537476,4.6205802919891,3.61707464711783,2.60415520468652,1.14075582728577,5.45389331742392,0.882927033983747,10.9276501530975,2.56875379260298,7.09581961413672,1.95909553381222,0.655441675667789,11.6649850720411,12.1158683954686,1.1078295968414,1.4460576840838,2.7646177435482,3.68759005123838,1.34554745765431,3.65206163128805,1.45230332760977,1.12515276105324
error,36002010
