num.sigs,61
likelihood,50646.73
evidence,84822.46
relevance,0.520426636664851,0.643502893287049,0.216407033344888,1.80839652644129,0.617566438341719,4.16450315209633,2.15795334495023,1.0374244136845,0.365558103768659,0.00775193798449612,4.14410800149748,0.85626028141474,0.267149425115565,0.542875402311424,0.545191711349492,0.486935199255098,0.929678400383311,1.92043925534484,1.41107565958414,0.252960881582224,0.498409355709208,4.41392394501717,0.18569713557622,3.86337862538975,0.516462024685679,2.85665058813046,1.70148303923745,0.290108719018277,0.00775193798449612,0.416077395516077,6.74180093271227,2.10004468540691,2.49883902280987,3.94799459886607,0.358428397407289,0.592103642810191,0.526683599429004,0.937448606495129,3.14152931812422,1.04401323019996,0.00775193798449612,0.574304899359385,0.463973802779677,1.19049885685234,0.919692678750549,2.60824697153299,1.22596147996201,18.6518366744006,0.331672225330124,0.72674596805524,8.46609138974003,4.20925899623108,10.9242746926883,0.692139692976949,1.11021598371583,0.455593153029303,0.242511711661445,6.98462555431292,0.21519085309938,0.550018746618902,0.566931031113248,0.458809969593733,2.76607235259313,0.777406458976826
error,42707824
