num.sigs,62
likelihood,50343.48
evidence,88512.62
relevance,1.66857578520067,2.89160448573739,0.420545385625763,1.8908467139731,0.558518991935621,0.366828711723493,0.579837023267578,1.02567352499292,0.00775193798449612,0.819045859184013,0.722291328689046,1.57821328832883,1.34875189088599,3.98983611377431,0.559578974281279,1.12951644319922,0.502230628716049,0.454531242123519,3.36686197783705,5.72117599378528,3.94592903480177,0.805389303905068,0.299413707885562,4.53432453432647,1.19559356050647,0.291088759578847,0.00775193798449612,4.20931819452899,6.5795658373977,0.53467418654698,0.506716662192712,0.909949311621794,0.6954716176908,0.686101517669783,0.555502287603973,0.476189922868414,0.734635634947857,2.40963935284032,1.71398353422121,1.17568529430242,0.430328557469994,8.47335792160811,0.321265369148559,0.774226351523461,2.42823802897914,0.197865986664045,0.237771003887407,4.34646682161613,0.191330350171488,2.7747262670334,0.596901899284585,3.10943929880637,0.541336749717666,0.268572233125847,0.935635129220089,23.8327230982459,0.690921034085971,2.86839107185736,0.654762306125281,0.610849451628633,6.83106030497422,0.278110451362299,2.05737312723318,0.996438351196629
error,45625575
