num.sigs,46
likelihood,44904.87
evidence,77188.51
relevance,3.73292015963587,3.71923414004648,6.02444281681365,0.788337079385601,4.38999542224815,6.98690950347185,0.736266620641248,4.5914779797328,1.1559255228358,1.50088568326879,11.72945699973,1.24288771939087,3.90450912355127,1.2123474401928,0.848875478258859,1.75921913122486,1.22759898531946,2.31233762437705,8.53499815150215,2.57253769885085,2.61912301852396,1.28677764638224,1.346147411649,2.10705917939159,32.3690067101528,2.54069231465407,1.50575950377258,12.5013216802025,0.840453143542566,6.14599951164101,1.30321470059201,4.22748164297082,0.383145280781234,1.1030799573337,8.20225676625589,2.33632295212507,4.51308978200238,0.807514667883333,4.68626110720311,1.35186687291552,0.75196024142749,3.23713962403923,1.42893770588878,2.16544589307357,7.32676265583561,0.777734290543779
error,47369807
