num.sigs,59
likelihood,51820.55
evidence,84023.05
relevance,0.224989403325537,0.475844972477194,1.24076456975883,0.00775193798449612,12.406669669264,0.600574958839987,4.13528616812601,0.475329445012831,0.419452286034219,0.00775193798449612,0.821524743724439,0.00775193798449612,3.12183950510269,4.5196453754519,0.735374792606264,0.756734257800903,0.87688410533805,0.69428764437419,0.980850750725689,0.00775193798449612,2.50303647451695,3.22198063583879,3.82667733421751,1.73060825400513,5.28447487696324,2.88668138671454,3.77682415184724,0.633822857263795,2.70478580048914,1.31574405741189,0.239711602511581,1.68646143405253,0.23349560075452,1.60500885060593,1.06187236696862,0.597313256570639,0.576099281186017,1.0433644147757,0.699397009255758,1.69601129896641,0.266123838900377,8.17830824350247,0.582426544599757,0.532707215984249,0.444685071322692,0.637167619409464,0.00775193798449612,4.35388448081489,1.03390299529938,0.541445922272966,0.328597620755845,17.6299800726032,1.09617142238118,1.99047525482977,1.03736739001439,2.67745113318549,1.20838615963437,0.303461714117067,0.638425787630869,0.606500524034397,0.69589638463694,0.510198538444014,6.47901586474538,3.45232557364276
error,37120934
