num.sigs,46
likelihood,44828.63
evidence,77527.09
relevance,1.41178924869306,0.737027258367626,13.0292612722938,1.1089832892551,1.2605427959793,1.36653583247315,7.51070439400514,1.64121071872411,29.4814746047964,1.38429257654809,2.34275794099456,0.806709082165033,11.3953325287075,0.805076468191779,4.3525371575657,5.68004197013133,5.95775879107205,1.82157502293851,0.673346001186549,2.29814098724512,4.22169922234377,12.2481440277846,2.11681455554808,4.0304782239636,3.44960577314696,9.63646449446976,2.06205244322729,0.854861798046517,0.742033390327741,2.68225652108445,2.59291035146092,5.53221992889985,3.76320669134502,2.63466363020194,0.948377345307937,4.86400418176558,3.77447094410357,1.14974062786258,1.93007526500989,1.20611555280905,1.2779094047192,2.67871808594705,1.54294750419663,5.79389818766642,2.29539997011347,0.346436904488011
error,46901037
