num.sigs,15
likelihood,84055.11
evidence,35962.6
relevance,0.485943192435433,0.493780020795646,0.40640204852636,0.86711199503749,0.00453926463912846,0.255203550032748,6.77816945171637,3.15595327864698,0.00453926463912846,0.156987631245189,0.420678537264952,0.00453926463912846,0.38427454209701,0.00453926463912846,0.273850261042778,0.00453926463912846,0.00453926463912846,0.359367099364842,0.00453926463912846,0.00453926463912846,0.00453926463912846,0.566475489184073,0.240787351637815,0.00453926463912846,0.210475063854042,0.00453926463912846
error,10789801
