num.sigs,63
likelihood,47606.59
evidence,87302.38
relevance,0.239446536800255,2.44691208086112,4.01026083746142,0.164288183538971,0.261861667862457,0.359662429295919,4.32805948595565,0.193848036184702,0.51252995419232,0.624168295407306,0.21871572207436,1.19476501800487,1.63860992403252,2.88277581874448,2.09264985314496,1.25919705374533,12.4921661585197,0.41194479074891,0.851997034292244,0.327738430377298,6.86965846219648,0.00775193798449612,0.930218983167245,13.0160461250693,0.679156226627511,0.55986469966133,2.71030604054173,0.811706268115252,1.67268818625844,2.73831243168022,0.919629152965152,0.296808058063904,0.734338074468887,0.728932396524848,0.737908123138237,0.522252135558,4.42800286237698,0.46039713231295,0.432854630231488,0.592835386415172,0.544139999514868,1.17389231213116,0.466609392191405,0.544992439535654,1.03260267175476,3.7655888199097,3.81122838912521,1.14510769516113,0.50234789567195,0.275658581965539,0.716243810328753,11.8366624492959,8.38674960445461,0.443104418436187,1.18459999834304,1.68494471257617,3.93065668745144,0.411137291587258,0.652075323227095,1.3791709856619,0.108958918971577,3.12196813508983,3.37466767850932,0.645364630727681
error,38082649
