num.sigs,62
likelihood,48232.76
evidence,87167.7
relevance,0.661419584025101,0.460351264080132,2.95198315170823,0.206880112314513,2.65424430662125,1.09098911177636,0.792057673533604,4.75195629535014,0.799227542212662,0.861609725989494,1.33109370927535,4.22400539047016,0.179866349982405,3.10210255507085,3.72540602780568,1.08127885144208,0.583563443819899,0.301250299337507,0.455694090628,0.491124363125507,0.230884169983589,1.03469972696606,0.207819832313484,0.543240803644537,1.11697626105342,0.505492259760861,10.6321411651982,0.24096510274222,0.498370858613262,1.0350348098917,0.353869450257348,0.428744377933962,5.14727135023986,2.8801123448063,7.1619600423551,0.692692111009276,1.81587150640879,2.60661433183647,19.9034035213089,0.590876787613972,0.724575919029809,0.00775193798449612,2.42927870796073,0.249249158281211,8.31204550498797,0.650712914300661,1.90109687781863,0.730477534096429,4.35151435271195,1.14594294579778,0.925689149097276,1.17851371915158,0.567082989589657,2.0322115319224,1.19665977866695,0.684867606953151,1.66419238191971,0.860187951144512,0.00775193798449612,2.71545357175897,3.89317243014903,0.511273590008143,0.691327710537873,0.558356572447711
error,33126164
