num.sigs,63
likelihood,53023.65
evidence,90968.75
relevance,0.240061382318683,0.611382256484511,0.558541055568936,0.612279480961298,7.06148405733765,5.73045577344822,2.48593378037126,0.00775193798449612,2.72795771889565,0.363388921473432,0.89697677280256,8.55931033792853,2.83321359531388,1.79714230489647,0.611489026494528,3.47130958151202,0.430448298733416,0.324428236299619,1.36612552965251,0.468731369246987,0.258403857471206,0.216602309400373,0.220159286005963,4.61332413655497,0.313570829085534,1.32139615799877,0.604713560501664,0.245329258281674,23.7658252778062,0.157317467661619,0.743228130175614,4.47544028385377,0.480599877923054,6.84083230476989,0.76397046430546,1.12881367406702,0.948421115204429,0.587846386988243,1.56408001289181,0.461280153072251,2.1386272746659,3.96349415829665,0.219737974300284,1.20329420509813,0.696519843116887,1.21920908024716,0.712550387618652,3.97829391185252,1.60418579505794,0.791276024087285,3.11194415712019,0.301327093671389,0.181925728443277,2.01980616299307,0.554267872951571,0.508267898783464,3.974027143906,0.318336488512883,0.280065297043089,2.80588236262241,0.455407900614806,0.797559506366766,1.57420509820245,1.05277774989018
error,63346099
