num.sigs,63
likelihood,47740.5
evidence,87722.31
relevance,0.317106679942586,3.88994228214737,0.415516463445936,0.737009684226066,3.38976213798198,0.229608618870346,1.89600615691684,0.504235001638936,1.04995060027927,0.341946755211525,0.708341925106852,5.81220946321835,6.68114682637531,0.534503993859049,0.308158082487248,0.534127524638092,0.126619187322822,2.81532018902335,0.910444023470621,1.39911710932455,0.564676307749798,0.654441420249262,1.53073212671769,0.591940686323833,0.568552286472093,4.39790654440517,0.559925350830033,0.189025773771906,3.08716395869439,1.55024643510121,0.67007692479095,0.438310945727948,2.88671764546587,0.489002602540426,0.249421178098282,0.312589945080684,0.725153094147304,1.57260918943976,1.64909215419408,1.1843787542025,2.83746668000859,2.78865202354647,0.617367261595758,0.551454946238208,2.60652324516122,1.04766544251457,0.182255350105068,0.00775193798449612,4.1568425987479,2.09909874295687,0.513330155797569,1.11811953048631,0.848623566268622,0.83848447816493,0.441027598382184,0.705634017439046,1.05024177903419,0.914094090041055,4.07312701882049,6.79704285073371,23.8171122103139,0.225898314826045,2.8763591502868,8.32399702018858
error,33596400
