num.sigs,64
likelihood,46277.2
evidence,88723.19
relevance,1.86463771240505,6.38968044593399,0.811985315789643,0.182978622362163,0.26054548874624,1.18179828942415,0.509498127095781,0.308235897584226,4.07506448548929,1.01706672566595,0.912696717761724,0.416517682224677,0.736306279736959,0.512498568363685,5.88460792739158,0.269000732223959,1.518393456776,0.635349417007017,0.571591072500719,0.243119566885744,1.29867412332002,0.743601021752515,3.89715559121216,0.694402367913286,2.82561511083022,23.7496427475994,0.29879974084648,8.09187895719008,0.803533477596762,1.32883102749734,0.447620554971361,0.889127651992178,1.05489591973712,0.187214960062283,0.80477993371168,3.57100835814648,0.485596810774188,2.63649470306483,1.42157042201326,4.22437992549534,2.82009175530053,2.52060566063725,0.448976166327693,0.550098930021409,2.82660459422689,0.210644715249761,0.588199253888485,1.02907359337825,0.235725659069449,6.41022101059236,1.75882999813574,0.333912433010866,0.948071097188494,0.553916269343133,0.551768698458834,4.10295186242054,0.396192559133612,0.458189370644919,0.61464437427062,0.311273170268787,3.09291704626164,0.826951277305711,2.79029246684081,4.33848116744586
error,35489494
