num.sigs,61
likelihood,50432.38
evidence,85241.13
relevance,0.694986720540768,17.8421734543015,4.36216693021102,2.99316957631447,0.00775193798449612,6.71072097360394,1.03875116861937,1.23000996258833,0.51981926964453,0.00775193798449612,2.0365905363364,3.11491183529594,3.44539225313475,8.32663841266725,1.00821826286574,0.223189016564461,0.484444569606842,0.512957125704983,0.500919134280938,0.477303890464348,0.835938051172117,0.121654608290954,0.855606674964067,0.54959272483391,0.652959815951813,0.257528723974864,1.3634124390112,4.11115567662132,0.285256084572659,0.560872616201979,0.541524153320676,0.42802949626996,0.192037216560773,0.246314490014327,2.79983435616959,6.71126564276105,12.2842144692112,2.06890423448472,0.723395488217559,0.779543327623709,1.05701877492421,1.12600237467969,0.304172653232741,0.643194528030682,0.31874704121402,1.87436395584977,0.355542898061612,2.13624587680794,4.0186648349502,0.649831772702782,1.02877285328466,1.79847074309254,3.89196346116169,1.83665961914826,0.265045172174082,1.21758279508764,2.50938586280952,2.00143814459888,0.528716374877696,0.00775193798449612,0.212193185392311,0.949903272287802,2.53386862639913,1.57937762993321
error,39204628
