"","ID1","ID2","ID3","ID4","ID5","ID6","ID8","ID9","ID11","ID13","ID14"
"ID83A",0.00397249655172927,0.999995819118886,0.0356449659550307,0.00787948943398986,0.163207616384548,0.0273553243285667,0.029894993421169,0.0301101949231118,0.0175477600038322,0.0198228548195611,0.0793744911913474
"ID83B",0.99998392450195,0.00577490699257388,0.0836338375876785,0.00444815797611209,0.0110749817333091,0.0387601620250098,0.0512543525050673,0.0167273796725509,0.0596869985472712,0.023100354074519,0.451889519677968
"ID83C",0.0064411897857849,0.0378846866308935,0.216592004250088,0.129579162500625,0.953228814169973,0.074343567946234,0.145678455465302,0.438119846189686,0.137350967370366,0.767909034414964,0.0533207780393409
"ID83D",0.120543509356463,0.00716988088327253,0.120167226206544,0.0364118399318355,0.227500605006293,0.372518458635596,0.988478795995964,0.159134495991817,0.0287522472206941,0.157487617860178,0.0843281695155669
"ID83E",0.00683886310426385,0.0123390995862467,0.991861934818139,0.0618380978878824,0.340623659977584,0.0643719627837732,0.104547817674943,0.503696578157779,0.227609150974578,0.115247911355099,0.0271212916194032
"ID83F",0.0103297582704013,0.00670224859354374,0.0550407039116874,0.021788278127486,0.121327415090454,0.998444025083088,0.501915968643039,0.0964768262493646,0.00581115094514917,0.0488789659809485,0.0238854337634992
"ID83G",0.0838323394984256,0.0734687528853825,0.566912310533187,0.0451043002685018,0.508462390968812,0.113458706199693,0.141119055423879,0.992900204236197,0.0329584824799078,0.227446580003014,0.0911585953396766
"ID83H",0.0188898000661117,0.0119202163916595,0.0732514999317979,0.990540050375445,0.276474853414329,0.0295998855657379,0.0548560022800644,0.080210569145409,0.00659859454308409,0.168097439955509,0.0282656838841261
"ID83I",0.449623090750792,0.0984452239488649,0.0641927951933955,0.0194103422443572,0.0693457268228768,0.0354088071429781,0.0451076233909593,0.0467780783820512,0.0431843903563005,0.0351443599940796,0.999606745943236
