num.sigs,63
likelihood,48379.33
evidence,89377.09
relevance,0.327308412538977,3.1523775251307,1.95465601074594,0.298623352669931,0.546763249466169,1.41004841754903,0.354510624048035,0.260113592639885,0.651979148704656,0.431644127310441,0.506562882112565,0.224371861366304,0.198949810399949,0.278021272239333,0.536079108018912,2.90225781867879,0.00775193798449612,0.599281543108798,0.731210145356489,0.9599707582977,4.27038123189854,0.535345809720539,4.11605417621384,0.61810037482057,0.450459951407601,1.1238173396376,2.63655205369651,4.39326011642022,0.772795763029462,0.715651106126953,0.447158072457113,3.99419807679015,5.64745611529448,0.686645339126155,2.05416550179862,0.238135232222892,0.779692369262739,3.60524422159933,3.3390990700987,0.185210029180345,0.211865372012838,0.618889743065894,0.46218358757988,2.83187514804179,1.31465210150412,2.96908050471341,6.48104992595284,23.556683328879,0.707684236399411,0.921407822374239,1.61605065299081,5.51410937880625,0.983838140148638,2.74645862271543,8.15392244365107,1.21568506583593,1.88525973348546,2.56264301150349,0.468609881162313,0.783953683680323,2.43808565304625,0.546644058222029,0.787798325540917,0.512561326622129
error,39928219
