num.sigs,62
likelihood,49132.64
evidence,88442.84
relevance,0.459781479129097,2.46216805310868,0.301092476840243,1.2082107983036,1.13299016482295,0.412126451842528,0.453918222525226,3.91883143886627,1.76891429121205,0.466969851054065,0.664219705618827,0.892999094865816,0.705070345393924,0.00775193798449612,1.59058341153665,1.1406900397547,0.546321143279706,0.127716533899972,1.71114039942839,0.89214114129132,3.90573166056333,0.735525801768959,0.517741445896862,2.01301989688263,0.845571733377281,2.86050654740852,3.08550206634855,0.572585591129247,1.57129206797732,0.516458002376998,4.39202910210785,0.268840583662291,0.226103091547027,0.529178048508417,0.00775193798449612,0.733834456695245,1.4303421256899,0.563901834481152,0.491157494188363,0.84269390763841,1.03136976236613,4.21005651670317,7.30909490660875,0.513361601105921,0.334618655622048,8.32877024654194,0.561570116117237,0.670967589778384,6.7462978905235,14.2663665563075,2.04036407084035,4.08780037857588,0.257235127219418,0.728135620364366,16.6695517765076,2.93730126922892,0.305017783166366,2.56714256836891,0.555545668908136,2.10196326944078,1.04919708542927,0.292434185686337,0.983103760474177,2.75355592792467
error,36144181
