num.sigs,62
likelihood,49446.61
evidence,87607.1
relevance,1.31995701273144,0.238156167105742,0.729513460272404,0.609075880168018,3.12717797448423,1.62417701825756,2.72589865759647,2.03637704221246,1.03508829266815,0.589730537199985,0.43017659215097,0.00775193798449612,1.02188567693936,0.444288516761592,1.36020178305423,0.532324117777045,4.79776891973471,0.221729775884449,0.308094469892274,0.943644971539022,0.918599930320247,0.701085561072945,0.690907749795461,6.12515308648876,2.81730475403902,0.446636053023998,1.76748866831045,0.311510625676114,0.733612461673361,1.18859433186543,6.87705243746246,0.527533565461454,3.89959305298717,0.00775193798449612,3.73434218868982,0.163450525295631,0.631431342142445,0.245023714210567,0.829180230378871,0.302688751130187,1.7943910230475,4.2422967225511,1.07945266940963,2.54020171141567,0.528081131046262,3.40563291901207,1.15628817274648,0.874323981627388,4.34873487854429,0.470794476674641,3.90965067494283,0.461851400803276,8.31163597087276,0.537957082376593,0.611491168685174,0.214515921548938,2.89472724747472,0.543321663879634,18.7210270995155,1.02760867562761,0.18853465705394,0.695204420783444,0.647950802808415,10.7587006783191
error,38238366
