num.sigs,63
likelihood,50954.52
evidence,90923.27
relevance,0.829556404638072,2.62470237114349,0.931094395546564,0.374504737476209,1.03232206486919,1.15020816018142,0.22296248893444,22.7455919745037,0.80686218724834,3.9695801777909,4.83320117370427,0.00775193798449612,0.482138431378737,1.88379187031099,5.95492853540427,0.422636740305929,0.494127830727729,0.265914945843911,6.31922953320986,1.04104819709473,4.4629511761687,3.99419213192911,0.736252336865879,0.502408162944712,0.218643313721305,0.302547250649372,2.3795284620476,8.3145941574922,0.656413695323596,2.75177816375575,0.737624286066903,1.5459433760082,1.74400493283416,0.658962120998008,0.639221007832093,0.321738235406819,4.2093611537507,3.09916514205959,2.17912836831103,1.35898258409152,2.79036267652292,0.913993188368569,6.29168613892421,0.531697474019827,0.693867747731455,1.38501049394443,0.188453396625819,0.537483979106255,0.259638505331095,0.403473675116467,1.3071830908583,0.651711933114809,0.32893478544732,0.553228737341156,0.408033908214521,1.207166617293,0.66197912396851,5.14343985173286,0.241485702084216,0.773033354968473,2.07020694126837,0.148314430196189,0.66773907704159,0.859644892205558
error,48427514
