num.sigs,60
likelihood,52726.38
evidence,85945.97
relevance,0.657083903495264,1.60490206953656,1.77946982415719,4.26626649972411,4.11441872609977,2.64396260805886,1.01314836315281,2.85299651933954,0.177425875594075,2.05769908312101,0.709995623566006,0.468481694909938,0.00775193798449612,0.598034198909789,2.62496086183252,0.575396027367117,0.568457198814166,9.60277925055118,5.38016780967763,0.390032497387677,0.450226169371324,8.50730517441239,0.587843655358832,3.9707538845842,0.440885890324384,1.18740907342715,1.03367890669255,0.492746926422698,4.00822874619787,0.261899444480343,1.20746698702178,0.89211252600675,0.965502578555866,0.434972582845153,0.462779200612797,0.792667301842941,0.89040073687716,0.00775193798449612,0.733573337839273,0.560472817217213,2.67117250028644,1.00475114496063,2.80486709487701,0.470583364580705,2.04263942317766,0.841774331163564,1.48668403921759,3.13561781438465,0.00775193798449612,0.297908889642153,0.540981208144974,0.536335461485123,0.730565163102441,4.61616372872194,20.683226386513,0.00775193798449612,0.300696632048481,0.836712331799569,6.84821118298179,0.490151361609779,0.230673966239713,0.265617658337919,0.553711521725668,4.38929792070338
error,42295170
