num.sigs,60
likelihood,56225.42
evidence,88066.88
relevance,4.25144765495422,0.531723536216757,6.48685336699762,0.00775193798449612,0.345096512169529,0.00775193798449612,1.91476531473856,0.564902893961378,3.11714198624266,0.694707552847442,1.33351092030577,1.02692720653246,3.85378003828486,0.814990052375346,0.113615973353721,2.91478421307508,0.425923813184592,0.237665248620571,5.9396176457183,8.4360282833053,0.58272751926486,0.297708026687413,0.768160849943804,1.16717829367143,0.738298387896422,6.63324851841051,0.555017385923569,1.6485023511631,1.23565140270109,0.162209789571534,1.5542257898886,3.47298425644965,2.84929990970507,0.727638434955715,0.46208850320826,0.00775193798449612,0.632337993733409,0.476049393638793,3.92123142123832,0.800278942107353,0.207379740301427,0.524938275784303,2.62898165565462,0.636502903153586,1.57650460824822,0.582573408659127,4.24925141225605,0.946901963833638,0.269372334923643,0.912555872275852,0.226354451678795,2.03465471775573,2.67167459670471,2.5982248595713,0.468194388303791,0.926785418712507,0.618179578030883,0.414464982772817,23.7556919498924,4.50228844114367,1.30513671897266,0.311705555971275,0.00775193798449612,0.817284578940193
error,58508419
