num.sigs,46
likelihood,44437.76
evidence,76665.29
relevance,2.12940764018147,1.18827902852614,2.39546349690096,4.30183623357081,1.23801912534842,1.44740602400766,0.826103087555397,4.46923714905062,1.71453400354805,2.90162800502371,0.92741699103875,1.36719361738855,0.767067276560101,16.6163289967518,26.8247773835971,0.714124490096757,7.63465573885775,3.77410012528311,3.90097816922991,7.53100994398046,1.34219986548501,0.635862112332863,1.50875670184079,3.14130019140384,1.11832408209222,11.1019773638029,3.77395550901799,0.729461354987858,5.01778462026386,2.09990442474734,0.4690239668981,9.47919713130029,1.18921833517657,1.28145056392426,12.3033088449819,4.22106308484723,1.752011807563,1.32448885539567,1.55463454069687,1.26356758888771,3.31067478024813,1.21198704652623,2.38520634549611,4.32649094227542,1.81361256317147,5.61762525613459
error,47986032
