"ex.sig","ref.sig","sim"
"hdp.2","ID1",0.998914386760731
"hdp.1","ID2",0.999680558611109
"hdp.5","ID3",0.999979437134468
"hdp.10","ID4",0.99927429480718
"hdp.3","ID5",0.999956093840001
"hdp.6","ID6",0.999955686340443
"hdp.4","ID8",0.999975754124357
"hdp.7","ID9",0.999693145692855
"hdp.13","ID10",0.997462139920084
"hdp.11","ID11",0.999363444341631
"hdp.12","ID12",0.997931689865827
"hdp.9","ID13",0.999950788439828
"hdp.8","ID14",0.983192133132384
