num.sigs,46
likelihood,44612.33
evidence,77501.12
relevance,1.21477882169176,2.52069242226062,1.1749842749351,2.78761914599249,2.76209430668213,4.21072470715471,2.62042278691442,11.4425456051942,1.99803465222774,0.708390785841647,1.03485997203971,4.16969264747099,1.13797122541198,1.44840068548244,3.90822824948456,4.11167092901416,1.04981127928406,3.52702232800759,25.2355858342813,16.8286817017973,1.37457923014878,3.5387000903598,2.00089481655076,1.77755761210291,0.847175216418088,1.57177797031028,5.48677456192716,12.4380216559214,0.755751697139888,2.13619404787554,7.4719081098355,1.31384429459346,3.70396220058756,2.12392327759465,1.76231151767651,1.38311265996189,6.00187129816644,1.18939513821665,0.643868023587599,1.48517151563829,1.10180761049863,7.49593151339595,0.750530613928841,10.8820753143795,1.32587783567323,4.98186931133484
error,45096243
