num.sigs,62
likelihood,51160.9
evidence,88955.9
relevance,2.22365230137579,0.504999101432311,0.222871937311322,1.08927476252021,7.06153789235563,0.475953070029153,4.45968491071597,0.239684435538905,0.00775193798449612,0.323707967610541,0.493287331186621,0.379075638012912,0.260486171821111,5.21741723397977,2.72353153079668,0.421429581082537,2.75653923801333,0.313006026402741,0.594545515084941,0.83736272758362,0.519664836176058,2.59894319830053,1.08090321679693,3.81727537881014,5.09617322704656,0.626777324194546,0.550453889612556,0.119172343349262,1.61340020065243,1.1447649848086,4.03254447068423,0.709217774636713,0.720043733400208,2.67745000621303,0.556917038196741,0.854948792123294,0.734509154582427,0.270135525339468,0.274556690004167,4.18022755588712,0.310249433120634,0.418995556464591,0.494168556599836,0.666034954016796,1.82942926377133,0.477307300441486,0.00775193798449612,1.33255156207267,3.14982619479453,0.550789408907257,1.62960924700982,1.14547239483275,8.40456822466138,1.0735383393127,0.955446632567023,3.93136409509041,5.78419866456116,23.2726825018949,1.45540435878182,0.891717775334753,0.935743824127453,0.8496250605972,0.480240992252413,4.01404478429522
error,45413328
