num.sigs,64
likelihood,45941.87
evidence,88262.63
relevance,0.262028445100724,8.45502320410787,0.934221655779093,1.05108350649939,2.85199658826491,0.43170133334987,1.37940173062347,4.29504965022044,0.391441443622116,2.83657802995363,0.883791547086006,0.550962339233308,0.443878918008467,0.586281261184925,0.813359735585267,1.40083372607806,4.27678685485931,6.83358311862726,1.18387438684542,0.460184980409189,2.05860536317814,0.316183206465812,1.86718981640579,0.723340810461413,0.477716459987513,0.229616393356669,0.430422170007307,0.206585411471999,0.50409327268963,23.7813717966666,3.10675392100478,0.372530832376567,4.34525801750717,3.44169898464914,1.82873632165258,1.61588390509324,0.468836150224746,2.30645844878908,6.55200024564683,2.52637481599223,0.522271224972215,2.73017310118196,0.689514705557976,0.808012723221503,0.239520472801485,0.618783836412892,3.91474982694379,0.97900313806371,0.249626410968553,0.998370059764664,0.735873872384074,0.554861494184883,3.85946016790181,5.81813750748096,0.575537849118656,0.219953893974657,1.00995416035844,0.500578828690987,0.35503838520541,1.57088383180231,0.319042048339924,0.563227240241853,0.696193124509023,0.286061116903469
error,36406396
