num.sigs,15
likelihood,84334.52
evidence,36224.73
relevance,0.420552727932627,0.361727871609689,0.254825628264214,0.00453926463912846,0.00453926463912846,0.397904617752571,0.406388460241368,0.155435889254796,0.00453926463912846,0.233094975180601,0.00453926463912846,0.860422368771753,0.00453926463912846,0.00453926463912846,0.493180632431476,0.00453926463912846,0.273594135331103,0.486204393680079,0.00453926463912846,3.16464408209865,0.210487267207418,0.00453926463912846,0.562869565973412,0.00453926463912846,0.00453926463912846,6.77855054565706
error,10875927
