num.sigs,63
likelihood,48428.22
evidence,87406.41
relevance,23.8020873670966,0.594521369534883,0.710166622117606,2.86888903746641,0.813450009704415,1.57953620889394,4.29798806410432,0.558846036368586,2.80838277392782,0.652770324085514,0.578794311387247,0.72627584998807,0.549169645100178,1.03577611928793,0.267430057107926,0.424273506503214,0.173682222236767,0.232794684273803,2.18811426712797,0.324557710724397,0.312610363557662,2.83898619524124,1.60094806445972,0.496608303607993,1.2530223764236,0.222715686585544,0.597679933666929,1.16611838694372,0.486252038387447,4.39903358374105,0.293832300269756,0.480778341954172,0.589919507439408,6.94462476520974,0.499990815495891,5.81166163370866,0.722698417153214,0.464609581314089,6.71989914853967,0.377538946707887,0.260105821401999,0.775797988991389,0.00775193798449612,0.528168394872184,3.43454796180772,2.06841407321023,1.88177117895039,0.79543907661693,3.08243196055821,4.05733728019486,0.189217888627925,1.12181553575443,1.0595440481126,4.00202596092648,0.52258737719269,0.246020201180418,1.93551690547605,3.96604568617345,0.953336690645639,0.287219082189541,0.892487797736844,1.01681472227401,2.58922033795322,8.4012163532207
error,38650962
