num.sigs,46
likelihood,45141.7
evidence,77592.58
relevance,1.22831183734878,3.079625261535,1.2726605641899,32.4930992952547,0.732427757464055,0.466733804150432,1.34900216974478,4.15538360660462,1.34706925288438,0.782736012113125,0.776978252397993,3.86956944571812,0.835804188953095,1.25545085583636,11.6365712501449,3.57330487880377,12.1811645032313,3.98661462687759,2.14453442689172,8.58917456688891,1.26648914352359,7.64688770920993,8.5905455296504,1.94481348360055,1.88095595657973,7.4778297912592,1.22499827749963,0.76360160895862,3.75187398539382,8.82457991875544,4.67685362033185,1.52686528040034,1.77359108512833,3.54360490697617,1.21411710050914,2.11255318176713,2.15307439753577,5.41509889112563,4.43865610249189,1.40899430174098,1.32132288010629,1.79737912989415,1.53356380461483,2.30352758302278,2.29722893039071,0.950619089462456
error,46731297
