num.sigs,62
likelihood,48821.32
evidence,87285.01
relevance,2.95540842997926,1.01866732609326,0.228682524220865,0.552110993080995,1.10052492656138,0.254196794269509,4.86703683454679,0.896630279072977,3.34187768119681,1.18406805611524,0.00775193798449612,0.60352365505165,0.461621940162719,0.716366911406275,1.67939345616888,0.779559542732962,1.66417672994985,0.418752388946956,4.41369146358318,0.530139985935282,3.90486034179768,0.243650085153079,0.483509405986709,0.316052322509862,4.22714706939843,2.83559356952321,0.510479413721962,0.550036291484029,3.03496968377537,6.87949728705026,0.260414882439726,0.975954049619151,4.02656546638582,0.547351625955176,0.494760573185487,0.511613638529835,2.00693294512939,0.516557339962179,0.202780814816129,0.682652948567049,5.02802718236596,1.28653864382729,1.62805575074286,1.42718685183541,0.577065871436272,0.384263029884407,0.471437008610501,3.10220372228213,0.292776314129427,2.60440051384537,0.495595858665053,3.9675998850592,1.03502175539554,1.60210789277096,0.813607316167282,0.737000014547441,0.00775193798449612,0.534904409694861,8.48993257208511,0.791688477476287,0.762566116294734,5.458750908732,23.4712460005591,0.508971106686831
error,35138869
