num.sigs,46
likelihood,45365.98
evidence,78192.3
relevance,4.9502614213446,0.704575044634387,2.15364421755269,3.68390708566358,6.25877873469683,10.8735703063587,3.26428678913164,3.88604816760204,11.8121182335081,1.46961296568132,32.0150513186347,2.70360656478646,1.18460014121284,4.07753801790438,8.57978594482703,1.74609704902044,0.460404232360034,4.12569920258811,2.24134361724591,1.24823541338159,4.21185012803335,1.02749895683855,7.45426982952617,2.65460541363923,0.849358877919906,1.89876933599543,1.1703879638808,1.37003335007398,3.51896569420331,0.741330055122164,9.5816986219034,6.8843764018793,1.14875307469348,1.48349044882508,1.10959380853173,3.69453906039097,4.63920815243531,1.37042665751498,0.819345173782483,5.54219331054977,1.26067880083873,4.21608892071761,1.65583358872286,1.22466843634607,1.44037540997838,0.664337821929951
error,49470754
