num.sigs,15
likelihood,83912.29
evidence,35811.09
relevance,0.379890316590464,0.569347910044874,0.493682096794902,0.00453926463912846,0.210523060175932,0.00453926463912846,0.00453926463912846,0.877637443823253,0.00453926463912846,0.419834992927829,6.77598741557256,3.15327898071125,0.00453926463912846,0.00453926463912846,0.365431386126896,0.485647137724504,0.260117339207964,0.00453926463912846,0.247887188691216,0.409959535045072,0.00453926463912846,0.00453926463912846,0.281123763072328,0.140694064983317,0.00453926463912846,0.00453926463912846
error,10822517
