num.sigs,16
likelihood,81281.61
evidence,36793.93
relevance,0.41983863269879,0.340827510774331,0.00453926463912846,3.1567922024999,0.00453926463912846,0.00453926463912846,0.561518447790315,0.403603544695584,0.490032017646181,0.359334984150795,6.77583143001692,0.860731227068339,0.159393686683563,0.275835824115732,0.00453926463912846,0.491070261142915,0.255040654178499,0.210515206342612,0.00453926463912846,0.00453926463912846,0.221978389022897,0.146514951925643,0.00453926463912846,0.00453926463912846,0.00453926463912846,0.00453926463912846
error,10361538
