"","ID1","ID2","ID3","ID4","ID5","ID6","ID8","ID9","ID11","ID13","ID14"
"ID83A",0.00344398746124364,0.999997693111153,0.0361044072268597,0.0077321421681158,0.163647237177995,0.0274444773168117,0.030047931706046,0.031280892522429,0.0174931590424486,0.0200448251641969,0.0791856820935697
"ID83B",0.999997543174319,0.00536082010540284,0.0840463432986555,0.00522343481393572,0.0115664846820612,0.0388868789189712,0.051310764440891,0.0171237681058553,0.0598827288459146,0.0232428423078371,0.451850551056865
"ID83C",0.00664804016561182,0.0701510889768548,0.223842899005248,0.144790513197297,0.965613962579011,0.0770566488891281,0.134600131040702,0.44951526042486,0.131375483655415,0.743228184356967,0.0567275431177774
"ID83D",0.0548409702069848,0.0115519275077807,0.116000690386213,0.0486196113184002,0.230790230304517,0.413748775138054,0.994909995908913,0.15684573702136,0.0205750394718007,0.173695399900686,0.0550918451426277
"ID83E",0.0262022913433968,0.027850385368951,0.990899479490633,0.0675185460159324,0.340215308098472,0.0618758350502508,0.101064185174914,0.485209668365256,0.243920819546766,0.115902670281818,0.0366036954978664
"ID83F",0.0209327037699013,0.0099755922063457,0.0637730163484427,0.0244461274136232,0.124589671059578,0.999427922987749,0.488953212065983,0.10713261085962,0.00703440495603547,0.0506182778722788,0.0291819018493215
"ID83G",0.0508027680585397,0.100353216125933,0.572352436143799,0.0496399288337783,0.549858798254952,0.113304567375794,0.143298057300579,0.996234111556815,0.0332221270410399,0.273447146697364,0.0796892586427728
"ID83H",0.450473242435247,0.0909452285722229,0.0654001230618745,0.0206745683404047,0.0702927441366215,0.0382580962567506,0.0507924434236453,0.0490729376179072,0.0435853697655901,0.0355350420929663,0.999840324961333
"ID83I",0.0232112964038935,0.0148431365199468,0.0813899145979,0.991481081174934,0.273510290382125,0.0318061880688417,0.0550514866410381,0.0907526500714418,0.00685400285395066,0.163874857038798,0.030749158672899
