"","mean","stdev"
"averCosSim",0.99057145202143,0.00207171726350312
"falseNeg",2,0
"falsePos",0,0
"truePos",9,0
"TPR",0.818181818181818,0
"PPV",1,0
