num.sigs,63
likelihood,48899.66
evidence,88428.72
relevance,1.57478204665667,0.574461353890591,1.17916876204542,1.11350668349111,1.81863305086302,0.557664698358319,0.728915625844602,0.332028779380542,3.09276029499514,0.486433028861091,0.550707697318788,5.67285878034817,23.8078944213121,8.37522069945758,3.9006971417109,0.577527249898163,0.182953699551991,2.06302521217427,0.354711871662268,1.01576699038037,0.454899573604561,0.534883485223704,0.50493149474296,0.243103385195685,2.92684851621295,4.40459014414916,0.541492294342609,0.985524366693596,0.154467666058622,4.35684723651423,0.00775193798449612,1.10756131443285,0.684982725543586,3.40133783620646,0.583511917103255,2.70845901650118,0.37689662964704,7.23164628442529,0.175768889883443,0.312770330633024,0.573810698420999,0.598143858884633,3.86813154561972,2.58669872308558,3.97303690542345,1.17024878942374,0.287991418554789,0.428719079346464,1.66280714355773,0.61048162403132,0.464852296185065,1.04742767975613,0.212248521603732,0.879960498411623,2.50691031770778,0.448624345292958,2.86501008519033,0.719458998981329,7.00158981147043,0.825787769672131,0.438913727726962,0.831402109907337,1.72633423089397,0.785546386350264
error,38144012
