num.sigs,61
likelihood,51329.29
evidence,86786.43
relevance,0.417707932742564,0.620212747648103,1.9449087502024,23.1699807453524,0.225217747941503,0.448680110928613,0.59216695590762,0.70201690625235,0.556251123956823,4.00283272707728,6.94128120770143,4.24497587754931,0.00775193798449612,0.463675707935221,0.496052356608062,0.267642533910841,1.00332288184478,0.345306173324959,0.497668081954527,0.566611427273447,0.00775193798449612,0.817026513455256,0.227371004362478,0.311328663868702,2.84681171412911,0.441032373264591,0.678754885706702,0.255717793982951,1.22708200838365,0.685973689267603,2.43202225735801,0.00775193798449612,0.880789749896792,4.40050563670821,1.10691492678524,0.209250597036151,8.44926571934302,6.10019186237679,2.91820890782405,3.91842693666657,0.535323787878552,0.531734654023157,0.367504152220727,3.0926771150072,2.74169295030414,0.56438518796611,1.89593148484588,1.66345567206762,4.03317389523204,1.62126414523143,0.966565334568262,1.09583876257689,3.38500703183676,4.22660339459922,5.19092785070942,3.53864739563378,0.789799175062233,0.944626791902741,0.723478412612353,0.481421326658571,0.616287646437918,0.197985014584227,0.819226872046538,1.3068343133211
error,40336896
