num.sigs,46
likelihood,43638.78
evidence,76918.71
relevance,9.60296673332972,2.89209169778012,2.76518517937252,1.59808348114747,0.997060640199149,2.53841399685014,0.975542450585872,1.55699855041146,1.84805276274486,6.030027885877,2.47843677877684,1.70130562077766,1.0248033220616,1.36722138536885,0.854322495383179,9.89716601221019,3.38326564210072,12.3770155158725,1.14052583192807,26.5253308268704,3.55235841331122,5.35919995258031,1.14343553368321,2.49776330906412,7.81043351489975,1.33356694874275,7.62774989642708,0.818952699884355,2.08893879767191,4.18624504942467,0.727322624317124,2.66626910456329,1.58392370532337,16.2198301526401,6.58119232593361,0.798607746928291,3.73589805709929,1.27017793376341,4.34657000304218,0.725651885253467,1.42173395376243,3.62949038866628,1.25173939100173,2.35299135549419,1.42860469277713,4.18862143020271
error,37895471
