num.sigs,61
likelihood,51621.04
evidence,86712.49
relevance,1.30424760851265,1.64537508010901,0.439399133189844,2.80359302813326,2.07715586080442,0.22688339329259,0.00775193798449612,1.13557396637494,6.78420744758484,0.917751963881956,0.472861737007177,0.738972642739218,0.53295738848712,3.95152635224542,0.202538581258501,0.236646447197449,3.01080530280917,6.74326443867139,0.294652452730676,3.50224870297816,2.82188330271787,0.622106434948051,0.790033485815764,0.580720101416777,4.07906215592664,0.00775193798449612,0.727745600304939,0.817627259904712,23.7045921536636,0.772935138268223,5.84377568697974,0.480136134141129,0.677790623971269,0.795408624664783,0.524276773783764,1.18083310030251,0.952356615837844,0.350937583206874,0.580941821581469,1.683304080166,0.710587896870957,0.238758286257708,2.21194867646222,1.23439541876689,1.90408120266269,1.57724640329978,0.00775193798449612,4.23254494599579,0.714529451228568,0.78530076050563,0.158960697966528,2.57717209617661,0.54726599472653,0.510635389583819,4.01434294274614,8.46502135388439,0.511092427630814,0.65077444331085,1.31244050884899,3.13367913035694,0.487219551252039,0.316495851938879,0.171590775327905,4.40274288992738
error,42329861
