num.sigs,62
likelihood,48871.02
evidence,87667.3
relevance,7.14301271801746,1.94464152182981,0.576674943791005,0.688373445289273,3.14231571114211,1.34300362370342,1.22935049485897,0.770727071476911,0.474719343909195,0.265579711951368,0.797655455175326,0.521924322874057,0.498408944196706,8.39548539201631,0.925256907822209,0.235501174560505,1.09254700707398,3.00619357590301,0.212386723396027,0.807235762177901,0.883007995864659,18.2831890994323,2.61246970520806,0.690398278267803,1.03267949677928,2.64716084951003,0.90833159273577,5.59742111056149,0.434427620368296,3.95520236477516,0.720733676986455,0.330654715212992,0.761594484512783,0.829651260363287,0.358809972097246,0.946638310554404,0.619334989232331,0.518319117570441,1.6923034104323,0.258630403350253,0.17627723319929,0.290215461036873,0.324177764272125,0.482567033400095,0.00775193798449612,4.22976154108464,0.47566821591878,3.75747644527602,1.06177062456549,0.00775193798449612,2.59361891275776,0.556377579828595,2.03140271955341,4.37532019265243,2.91291787156477,12.3669803799933,2.73650318163007,1.12538651015156,5.55346348032203,0.637469672817795,1.43585855067553,1.93173178134003,0.503023009934999,0.263966325830519
error,34315612
