num.sigs,46
likelihood,42274.27
evidence,75428.18
relevance,3.99161063113559,4.71025101171151,1.94970209856436,3.69476757723878,1.37021269032586,1.26295802367717,1.465015095298,7.02398164980368,5.04103826771634,1.75376666822421,1.47629958678534,5.63157607979092,1.12430514825672,1.41719980599098,4.81525407593651,1.13149352627542,12.3196366399665,1.98496448272946,1.13536413346598,1.68369473090413,5.58087178693836,0.998681637118902,2.59869795953426,16.5158758960347,0.794727577294521,2.67646211900194,0.740406127422663,1.27848588691929,8.8338461450512,4.2533294342705,1.99636325302435,2.18929977032039,0.906893644669342,2.35194793103904,6.0063969819075,0.636135969069428,2.8578951521006,3.68867898788635,2.10054715185752,1.2622693851341,3.43193181310732,1.68060227905544,26.6873013876187,0.81971059230129,1.44629946041829,11.0821676728251
error,32434884
