num.sigs,15
likelihood,84164.78
evidence,36081.87
relevance,0.133074077929938,0.493497359261625,0.281123454887134,0.00453926463912846,0.390243802126098,0.00453926463912846,0.482176670781496,0.253226974142253,0.869208770069188,0.410027577272023,0.00453926463912846,0.419811896602062,0.00453926463912846,0.267332042213597,0.00453926463912846,3.15901218917677,0.00453926463912846,0.00453926463912846,0.00453926463912846,0.00453926463912846,0.00453926463912846,0.365911595583416,0.210556483463942,0.00453926463912846,0.575425848311215,6.77539715945143
error,10929141
