num.sigs,64
likelihood,47331.94
evidence,88863.65
relevance,0.600623396613191,0.267887622122063,0.468033531217561,1.38011480495062,2.87002242811739,3.13439630047011,2.71626808433607,0.292182975970612,0.163648609967002,0.439498823994343,6.71889406318556,0.461697858138801,0.524592460873521,6.03444927875665,2.72019263349627,0.712731466662563,0.814317731574091,0.205307488358896,0.235123121498538,0.584431052800419,2.59468081683128,0.203372475331888,0.929266408034216,1.19788874536118,0.486529643893922,0.402544681104093,0.949701898831825,4.18077004103332,9.76906184316438,0.642754518397853,19.8842128382293,2.5166300955646,1.03022820075227,0.325254330223355,0.547360804003049,0.50163731782013,1.06398657607289,0.324448975466727,1.87963462407464,1.71483374795845,0.275110189026756,0.561948217094087,1.15764908716011,0.883278711142585,3.99701442723642,0.737906549006265,4.02263204270998,4.26150310193363,1.00446546491004,0.461619821532574,8.31448440932153,0.60542874071445,0.287424782971239,2.73044683550658,0.426010399115606,0.691064697138352,0.570751998092547,4.31621673860505,4.39663106354365,0.265478796441062,1.82929052037037,0.261779907662478,0.677207103309163,1.07167593101691
error,38563378
