num.sigs,46
likelihood,44672.02
evidence,77535.48
relevance,1.19379810801601,4.07927854810723,0.793919232011318,2.58581494639641,11.860308762299,0.792006520005732,1.50426926873463,2.46787418706902,1.94289512860573,1.28725174214504,2.47801898122146,1.55609918092706,2.7519681799882,5.49979045132142,5.85582428214281,1.1353895504049,8.62348327024237,1.77795133499877,0.809764053327464,3.11980671157458,12.3016163414695,0.728676963202696,1.26393651491086,2.12423419093992,1.60148024454511,5.77964463486743,4.88203687989737,0.482632731028228,4.55800120367297,1.71300721982601,2.44990388428541,1.63672792513193,33.2145664463723,3.71999162782874,1.56966480532489,7.51776092992536,7.2118513788665,0.896600855678411,0.645536160670345,3.79455314894515,0.87297597696405,4.89582610341194,3.60989655088054,3.19499949380329,4.06442704599552,1.21293373602718
error,44306827
