num.sigs,60
likelihood,51520.53
evidence,85298.05
relevance,0.797082753895098,5.6664542973005,0.930762170904109,0.462800839487938,0.434897578308297,0.443228724933082,0.842016283761136,0.677144872074573,7.09051027666517,1.90901115094398,0.567548067763143,2.84114532715415,0.201638933928211,0.466497645747448,1.14637816860021,0.57174003596866,3.96097761400971,3.14626189159069,1.13308323975509,0.441718205526762,0.00775193798449612,8.380550170062,0.00775193798449612,0.00775193798449612,3.98380134810348,1.84202869449805,3.90283043698106,2.74437851414297,0.889754228044249,0.704934460790275,3.21151165455217,0.535735628634705,4.03355727670454,0.477807570263578,0.227632244888442,2.28978108951441,0.294686770219353,0.705864666376465,1.09715320456876,1.22957509845628,0.570219870479553,0.835867942440686,2.83809284719994,0.604356122971451,0.721325215675994,0.503608519146689,0.502237069650665,2.57705830198007,0.269820599476223,0.505423927585655,0.527309774022309,1.04974628071214,3.15279386660704,0.00775193798449612,1.74430261811267,0.794482128135042,0.358671814185215,5.75652912429777,1.64731603234243,0.494955107738168,4.40326484521129,0.32260425220251,23.9544815635045,0.941541451376817
error,36142899
