num.sigs,15
likelihood,84067.37
evidence,36035.57
relevance,0.257313595846592,3.15947582544651,0.140660174865756,0.280964837395734,0.00453926463912846,0.00453926463912846,0.00453926463912846,0.00453926463912846,0.868769198292808,0.40996943393156,0.419974198062987,0.00453926463912846,0.365467479843279,0.00453926463912846,0.576506795863648,0.388692358054844,6.7739018092593,0.00453926463912846,0.488144221633169,0.258370452276226,0.00453926463912846,0.00453926463912846,0.00453926463912846,0.00453926463912846,0.494082908694517,0.210510378081132
error,10893451
