num.sigs,62
likelihood,50496.95
evidence,87281.92
relevance,2.06940448486429,0.540690013965809,1.01016943566327,0.71227596018516,0.555136743657671,0.466191670135009,4.02366507203521,0.273086022120745,0.12293595191474,0.897310339560629,0.71183133681711,2.58978079467885,1.89269684734268,0.418926363983219,0.486572114017489,0.564684541818723,2.85504210528984,2.83682348147808,0.792145302762905,23.7629359408217,0.818669278592399,5.83028537390807,0.222417221423604,0.434585815887398,0.252662200000907,0.523472587236675,1.41642530516298,0.48060377397763,0.850667837195897,3.16141970276556,0.537217296203954,0.182370520984191,3.46699783242213,0.964774682908578,0.592176786866842,0.947761601836771,0.736693991496814,0.00775193798449612,0.237893079963194,0.344227813602764,0.328621103757606,0.470162472357359,1.55339775256026,3.95903431804625,1.7619304514473,1.69468890379599,0.560490135760549,0.00775193798449612,1.05388952208272,4.0206373518363,0.669083839204391,2.85230159816547,0.263127662779825,4.19702498721037,0.89800721649638,0.196983083511776,2.57183411009789,0.516407583421847,4.40083090488466,6.7608234092622,1.18286678634922,8.26564141884675,6.80375129360443,1.23672684246328
error,38209658
