num.sigs,46
likelihood,45842.37
evidence,78550.42
relevance,0.72941113456119,0.803178457900128,2.13584081952678,1.55365213021288,0.903168337391034,1.36326927669201,1.57854381816273,7.44223236381752,1.06261044908489,1.1997341364664,1.71602520176355,2.6395837953537,0.953820151736881,12.224115088388,4.55714157084014,7.40829826138325,2.54559277463403,4.72047607565623,10.1150111520384,11.2431459498467,3.50395000338728,3.74473546421499,1.8053727446077,19.6361306397773,0.787846912334577,4.21084572374285,0.446962677671696,1.3454916594779,20.6830190089835,1.20585833650062,1.72221747336131,2.00051137684396,1.30760098945514,0.750097294440388,0.572052810118592,3.94993960711736,1.08081290191071,5.99962436932136,2.41892223444949,1.29434458181421,7.49208090684575,2.68668165954779,5.91859080584615,1.07449901949393,8.02573137560838,2.47889753309068
error,49004052
