num.sigs,46
likelihood,44552.64
evidence,77734.17
relevance,10.279725531835,6.39751771886237,0.841700654677817,1.15049719185095,1.45356792062298,2.04314331966255,2.41581979361381,0.958647011702256,1.90057229671919,1.33619219611975,3.61399386897265,0.812527979563719,1.80416963665227,0.759960908830676,0.774817999678142,12.2226771729724,0.605461586227993,2.74837539799769,3.70795251927192,15.9314544181571,1.14996685360831,0.877968138243862,3.64673870660815,1.3305579645689,0.719059233062052,11.4253518525808,2.98027212471891,3.43570659738994,3.68811319561708,3.80221877806589,26.5391420572293,2.26637298391901,4.8038269631399,2.02539480674876,5.47624921663441,6.99529209377169,3.55314299860926,1.13643868712712,7.89391809257938,4.67580975244673,2.48109946801059,2.13158860863271,2.55313826935444,1.20125325654086,1.14170569092358,1.89310443793784
error,41112888
