num.sigs,61
likelihood,51776.69
evidence,87087.35
relevance,0.00775193798449612,0.502986511576642,1.02553905618049,0.580104875362865,0.294997362088282,3.23787112585403,0.472591008311965,3.15414020141867,0.703976743710738,3.07514289801872,5.66384970832062,1.10285708431952,0.217359102546901,0.485214622205299,0.356507025689665,0.542011198680737,0.179223900834601,3.90911921255419,0.344293820006619,4.06186386317701,0.883167845040389,0.175031766943522,0.462649217949028,0.794677132612263,1.11476510883026,0.656029331730993,8.47181719016746,0.555453486239538,2.05548589953357,1.26757033395733,1.67675155527656,0.559196313745109,4.59980797562554,2.69408074198779,1.8404937848422,0.00775193798449612,0.555789408710316,0.00775193798449612,0.782770036520378,0.404229116508437,4.3808844363027,0.607895787238971,23.9636689556039,0.615727885017477,0.436539927694431,6.42218842960269,0.292396885027579,2.63567996729903,2.01888009935835,1.92237606818238,0.802286643285616,0.908224042864639,0.527891217994289,0.455778825736546,6.26396614373235,0.74064148731766,1.41395491344904,0.617971481279684,1.65979435287693,4.21106090292306,2.82547056848088,0.266989468873787,0.929141634021467,0.81184127706417
error,43480221
