num.sigs,15
likelihood,84801.24
evidence,36826.12
relevance,0.496033288856617,3.16451786273091,0.00453926463912846,0.210391599612227,0.00453926463912846,0.00453926463912846,0.396338089256016,0.202735574318431,0.00453926463912846,0.420261281150297,0.00453926463912846,0.865967567509786,0.00453926463912846,0.00453926463912846,0.251817760037547,0.56827484680793,0.365984880523674,6.77455893334237,0.186167198666373,0.00453926463912846,0.00453926463912846,0.00453926463912846,0.285306814537801,0.413686722999278,0.00453926463912846,0.48904257990575
error,11029422
