num.sigs,16
likelihood,82715.46
evidence,36627.04
relevance,3.15565211512118,0.00453926463912846,0.240847251639837,0.156303606045244,0.00453926463912846,0.00453926463912846,0.567238566028565,0.27417310390385,0.384468432032922,0.406684970335487,0.493390299096186,0.00453926463912846,0.00453926463912846,0.0282519309664864,0.210293062997323,6.77839506071259,0.420586279610583,0.867178110667407,0.253734405375461,0.00453926463912846,0.00453926463912846,0.00453926463912846,0.00453926463912846,0.00453926463912846,0.485385929092331,0.359437702896631
error,10745796
