num.sigs,46
likelihood,43698.64
evidence,77960.37
relevance,3.75494617122891,2.59347186975412,0.857536525648894,5.54547197313059,5.95757875330906,3.71985074413673,3.61715155597035,4.71229729743306,33.850058458775,5.45478118120284,1.90902068432945,3.00329725811858,1.49680320687938,3.84541578347336,1.64670662425277,0.841718370464387,2.92225779582544,2.65833737206479,1.07861058725176,1.40428734425071,1.72925792808736,7.12433196088561,1.24961644239222,0.740060914948236,0.883927016778078,10.75554679334,0.844589916975826,1.95646744496404,2.10763696218155,6.57170232530792,2.46914869231394,3.74114029754621,4.47847631965711,2.44491606636525,9.44056077315746,8.8237854479244,3.89975898507687,0.828389734320017,4.77306464349132,0.716551628525844,1.23665355822194,1.27837363335674,3.99378954487463,2.51410981688975,3.64379568253051,2.16773189894492
error,32920300
