num.sigs,60
likelihood,52013.73
evidence,86640.56
relevance,0.223305852414904,0.311120397876405,0.708391721753073,0.369080897220865,0.242271997773415,1.73800133774197,0.925605381249577,1.34327197751139,2.43675540586652,0.362525409230539,8.30979925807967,0.00775193798449612,0.349428259181797,0.795690441449036,4.04169631918387,0.446134875529228,0.258705265011469,0.264230244467236,2.08220396758062,4.18607273160062,4.36882146251256,0.695811972336853,0.576510357813242,0.51165286358544,1.0326130232056,0.00775193798449612,0.486714695413866,1.03536008737941,0.54777517516294,0.466720778844649,2.40050225236036,3.10249174862931,17.1412539187324,13.8867585183761,0.557524266373495,0.00775193798449612,2.72793762188278,0.729288385329043,1.32527703175763,7.72716148346765,1.69402520992578,0.427500824894573,4.16074983759443,0.513609655342523,6.56281671722954,2.99869203184872,3.21541728979174,0.494677449419566,1.66697356352791,1.14451782218832,1.92403559937782,0.778806398180308,1.18942780495077,2.47370784305503,1.03377364427701,0.694106050080332,0.733476243136541,0.00775193798449612,0.831088841028484,0.90561375477121,3.89251635598042,0.786624335236344,0.557261611169419,0.664777098516921
error,41982798
