"ex.sig","gt.sig","sim"
"hdp.2","ID1",0.997798610633778
"hdp.1","ID2",0.999997662521387
"hdp.5","ID3",0.999979521543185
"hdp.10","ID4",0.99981431295469
"hdp.3","ID5",0.999956276406538
"hdp.6","ID6",0.999954951542514
"hdp.4","ID8",0.999975787170848
"hdp.7","ID9",0.999702060677488
"hdp.12","ID10",0.994598982494395
"hdp.11","ID11",0.999375258617934
"hdp.13","ID12",0.997948236064126
"hdp.9","ID13",0.99995346463212
"hdp.8","ID14",0.982961844284827
