num.sigs,46
likelihood,43126.33
evidence,76182.46
relevance,6.57677311836958,1.74235545473092,11.5422658176245,0.853184253518731,1.22501642927686,4.47270886329697,9.6099629215913,4.86752025128902,1.38753628367139,3.32068682048738,2.69448779045385,2.20665747566101,4.64440090190516,2.28777725960259,1.87598230279846,1.10106256528122,1.07306729976838,1.57142048545253,0.608403339619907,3.87770959505213,2.13558704799657,5.45762999790095,1.67698120779968,1.21212646574644,1.45798165313666,0.921967953639539,12.4526938649118,1.45103807776579,1.0741790587556,1.98964931830696,0.734406579164572,4.14881147047229,2.14741555630725,1.52899700262477,1.23681537950018,4.85799752696299,6.78906831964198,1.25593627594314,1.35407091016015,3.35960491052543,0.63548259793313,24.5533589519703,1.52699387562982,18.4908041590017,7.49903344859623,3.08176364747122
error,43606424
