num.sigs,46
likelihood,43799.98
evidence,77413.09
relevance,3.54748455007396,19.7177486480815,5.08621953604611,2.10671435380072,1.48883774651375,1.5389578166217,0.849033698887489,1.77197947620742,4.10084175830526,1.3962485689424,17.5503388817461,6.37421485017952,1.20264437639181,1.11848670020692,5.63389347057038,3.93864604110513,3.71912388342244,2.12152657664915,1.06839787832114,7.54253170155509,0.496374572423531,1.27692453393388,0.666508278371629,4.9729777461957,9.70368440139502,1.88251175496929,1.7342823173296,4.19995230415076,1.37620982129037,3.27024311473255,1.36111628291218,0.853305872389787,3.55449513965294,6.15582206598268,5.07872173543749,0.758291777939128,14.9858954697483,1.40914337577118,0.739731936156943,1.30717934623867,10.7038241238528,0.775771616839359,3.293006105549,3.55588518009781,4.53200036677566,2.5636528805337
error,42642540
