"","ID1","ID2","ID3","ID4","ID5","ID6","ID8","ID9","ID11","ID13","ID14"
"ID83A",0.00381187766094304,0.999997298977866,0.036066034229613,0.00779510392505522,0.163268873914438,0.0274321707032098,0.0300204306934385,0.0307255352598765,0.0176137297095657,0.019949268130061,0.0793273786787705
"ID83B",0.999997670222482,0.00510131992784157,0.0840355087687822,0.00534148369633625,0.0116459638591019,0.0388794850246659,0.0513129460305293,0.0171571389555243,0.0598960056385234,0.0232564952274931,0.451832101589968
"ID83C",0.00631680351305841,0.0669874750699094,0.22198912493026,0.134692016433285,0.953479151944164,0.0739412837367649,0.133863067382947,0.446391737888735,0.124053892796482,0.781792539617626,0.0549891607231816
"ID83D",0.0522915042361246,0.0118197569443406,0.120458840817592,0.0496324262592353,0.230106808978021,0.413430762309113,0.996000944176003,0.162731461658443,0.022543071186915,0.153080863914618,0.0544411835391774
"ID83E",0.031229479670144,0.0291565071078842,0.992388351847329,0.0674500958757784,0.346003386086731,0.0631505265931226,0.102808764709264,0.494879395156632,0.241000185550911,0.120468336771518,0.0394601004453836
"ID83F",0.0232948000200204,0.00978768825143839,0.0639582133228603,0.0240882444387239,0.124626120779777,0.999436451890807,0.490253759356308,0.106877446813839,0.00725259051755256,0.0508282222644252,0.0302270438783634
"ID83G",0.0735516894266246,0.108746118802893,0.573322845345401,0.0506889560768674,0.537700592713166,0.114642259543019,0.143676871343019,0.992719985355226,0.0415437612422489,0.240568563356223,0.09047281317249
"ID83H",0.457415903266446,0.0903499397811945,0.065316930277781,0.0178152754010802,0.0694340253243528,0.0380337555236524,0.0504283686834834,0.0483170939748572,0.0440436043737515,0.0353986436372563,0.999810607188361
"ID83I",0.0258240055822548,0.0136157658786844,0.0787531172087559,0.991849118670497,0.269811447310295,0.0312244971441417,0.0553228457469682,0.0863188117820891,0.00679941599462042,0.160561146048542,0.0315668237375897
