num.sigs,46
likelihood,44968.9
evidence,77105.01
relevance,7.56026708144728,0.823590250895604,4.18825146949612,1.16381412273829,2.16302633334924,3.88502842268103,4.45958636949985,0.851092652237875,11.4724951968719,1.51861728246047,1.25090755958643,9.49166860561655,1.76672464328355,3.39470125220554,2.6934699914348,32.0421224215589,1.16776785294454,1.39014101450695,8.91788677091703,1.33629019656539,2.46756341506697,2.09559244141613,0.955311764925317,5.95200956388473,2.17528108443781,2.27607895819058,2.3553706544117,12.5501757836539,0.848408043806554,0.46933728583301,0.728835363090943,0.872799620045038,0.784517085887484,3.29731939546605,4.69496242860274,2.37957879103237,1.27655044986402,1.81172015227843,1.20629695310129,1.10432845934042,1.20128579393237,4.52456652811458,8.65246756095774,0.745213741338449,7.49154923758404,3.40008531142856
error,50074900
