"","ID1","ID2","ID3","ID4","ID5","ID6","ID8","ID9","ID11","ID13","ID14"
"ID83A",0.999989342205983,0.00527210458430682,0.0834679912573717,0.00453909433674826,0.0106905383975073,0.0387854906582856,0.0512003432533948,0.0167019904521324,0.0596722090696311,0.0231011863953114,0.451904726344713
"ID83B",0.00938149689482393,0.99997990873556,0.0360518004074845,0.0063723444596897,0.16338142691551,0.0271464561156529,0.0297921010986055,0.0300316757885172,0.0176380118787041,0.0199032482803215,0.0817339331750362
"ID83C",0.00459909481432519,0.0280469036885631,0.175525376919783,0.0860883180218306,0.841213535905386,0.0542013130445063,0.108517653820369,0.372765267484269,0.0821096880190405,0.924142866279939,0.0403611518823317
"ID83D",0.01707508860331,0.00696227069702715,0.0971166729610486,0.0351577158351875,0.180627725868083,0.373411337479963,0.991410913842637,0.130598721559596,0.0178712213463419,0.0863326710604005,0.035944205473482
"ID83E",0.00960158267654942,0.0102637848612173,0.987777109457381,0.0703472573787302,0.305191313908816,0.0584280179006177,0.095941313998726,0.464949225670806,0.226963943354526,0.09821243660516,0.025771517352657
"ID83F",0.0286220865313038,0.0417491344938687,0.552764530247008,0.065415428939274,0.628135013570541,0.116426152225411,0.152418569839181,0.984550441851204,0.0636632820347032,0.260868851179671,0.0701243270423291
"ID83G",0.0173710102545582,0.00641855552707193,0.0560626034383086,0.021179797138616,0.115076287358042,0.998988637438222,0.462364163540725,0.101364537111214,0.00589526139676289,0.048058667794578,0.0308800435425778
"ID83H",0.00850234071751266,0.0110251169236092,0.0728484821981019,0.988479219656659,0.261428202624266,0.0307704481238434,0.0516839402315069,0.0848430938683484,0.00967451161101918,0.100816143014258,0.0237056737473403
"ID83I",0.301480649246924,0.113006217798412,0.0526492921173196,0.0239637554506503,0.0697863970013576,0.0284252236203804,0.036596830270055,0.0414644072569808,0.0353615117203462,0.0318291411871003,0.985989034039887
