num.sigs,16
likelihood,81882.84
evidence,38151.63
relevance,6.78342889676289,0.210291545531172,0.00453926463912846,0.00453926463912846,0.141379775330818,0.00453926463912846,3.15156182152109,0.396986263234376,0.00453926463912846,0.00453926463912846,0.00453926463912846,0.00453926463912846,0.493528346425052,0.633141773675487,0.476462391160904,0.718317882172612,0.248081209943886,0.284302070919768,0.259527362191807,0.00453926463912846,0.408371951753194,0.00453926463912846,0.254610883040508,0.00453926463912846,0.365821286066704,0.41924255078079
error,9507783
