num.sigs,15
likelihood,84171.29
evidence,36130.67
relevance,0.420673992839658,0.00453926463912846,0.389869439885804,0.25003791277118,0.21046638976103,0.00453926463912846,6.77664645917586,0.00453926463912846,0.00453926463912846,0.273860176361497,0.00453926463912846,0.494824829034533,0.567734169915299,0.00453926463912846,0.155469934591034,0.00453926463912846,0.00453926463912846,0.00453926463912846,0.362083143192805,0.486053489291817,0.00453926463912846,3.15896912472068,0.253685630774845,0.00453926463912846,0.86500527742674,0.406508832334043
error,10792737
