num.sigs,16
likelihood,81675.18
evidence,38196.81
relevance,0.00453926463912846,0.281611995646618,0.00453926463912846,0.00453926463912846,0.339725980843761,0.566855292672544,0.275500352580753,0.419084742337124,0.161643874961421,0.00453926463912846,0.00453926463912846,6.79188935057701,0.640210509913372,0.359507225112518,0.477966354496872,0.00453926463912846,0.00453926463912846,0.00453926463912846,0.223530001215768,0.00453926463912846,0.00453926463912846,0.210171345488163,0.489824421027199,3.14032187449725,0.451194878027733,0.401871411274872
error,9654787
