num.sigs,46
likelihood,45302.07
evidence,78124.59
relevance,1.06290359512064,0.783005752512831,3.68540504524596,3.69070115755483,2.60315017436662,4.26630666644483,3.99597280816786,1.49599832287262,3.27421187399886,7.48516619056953,1.13447419413507,1.24902367558802,5.58323365942465,1.43618265082549,0.885603748313905,1.86179167846196,8.49961692141354,1.47781424921052,3.68030738390166,1.9501735507155,1.41570901619189,2.66503857745001,0.9674983159683,2.15073620481268,1.53588895650213,4.79489833581549,1.34626395221958,6.56018735826922,0.89683039327559,1.92554902693353,2.29860835763199,1.44173102272324,4.88155972566985,1.23769503857295,1.10484186068441,2.43637743772449,11.3925865157892,8.5016790728628,12.2102846984991,3.79026433730815,0.416976733899637,1.85828625306949,0.8110802098507,1.31669091450659,5.89358459931779,33.5221019121457
error,45908968
