"ex.sig","ref.sig","sim"
"ID83A","ID2",0.999995188979042
"ID83B","ID1",0.999981453200343
"ID83C","ID5",0.949114792360251
"ID83D","ID8",0.987886120083021
"ID83E","ID3",0.991708529989911
"ID83F","ID6",0.9972768143038
"ID83G","ID9",0.992469571364607
"ID83H","ID14",0.999290525832832
"ID83I","ID4",0.994817896990984
