"","ID1","ID2","ID3","ID4","ID5","ID6","ID8","ID9","ID10","ID11","ID12","ID13","ID14"
"signeR.1",0.000861448738938564,0.999660639908675,0.03258707672806,0.00532298468716474,0.151366092045062,0.0251162726184911,0.0290186211632394,0.0213612861118996,0.00367899176338571,0.0167662325941358,0.0128746552958335,0.0170277832986693,0.0770590022237994
"signeR.2",0.999994640311848,0.00502235194100864,0.0837834797378845,0.00597210660424463,0.0111904881377959,0.0388874473573284,0.0512436389995543,0.0169065402869848,0.0031651709576298,0.0597224746051109,0.00596732817563284,0.0231222026412068,0.451836951100943
"signeR.3",0.0335127434246987,0.997361110046461,0.0488477597603232,0.0142252201662573,0.192804856125883,0.0345141566994327,0.0343762619724105,0.0588518429140686,0.00985877094869136,0.021214180579136,0.0353503059396691,0.0283328176931292,0.0949065801004475
"signeR.4",0.00509053364103396,0.0782110776005616,0.319714704374005,0.185399754417698,0.971395428591088,0.126578763429668,0.321217118290644,0.523811525531309,0.137727365419966,0.101479173123575,0.262970701163418,0.717172342804835,0.0637867372207471
"signeR.5",0.0193373893900167,0.00575509774442051,0.0714995366666189,0.0308835822203315,0.152170285837258,0.844661029625662,0.866804903008644,0.109242961519318,0.0638650174972245,0.0120889106335307,0.0412803851151911,0.0664275254632715,0.0404108142429976
"signeR.6",0.043107172757935,0.0246333369248917,0.63871118181087,0.0639363240606668,0.48823831417516,0.10493988405702,0.150818062607404,0.986904976040197,0.139010391077633,0.0151928090506284,0.248508585152157,0.258595964571458,0.0676516348465453
"signeR.7",0.0426150760516812,0.0260921111054575,0.842132967165779,0.0433473635770124,0.239270142378577,0.0369953689612501,0.0890400287363863,0.151277038989232,0.157773646456611,0.505177169522376,0.0497182121741065,0.0441639230946753,0.0405460668723705
"signeR.8",0.247453065149296,0.202846974663064,0.0563517594658031,0.0200166815970736,0.0936076600887575,0.0331754875457664,0.0420970066177158,0.0572715001112519,0.0722679630015282,0.0370121063759126,0.0253760876786071,0.035584858535087,0.969402988431481
"signeR.9",0.0215819227648982,0.00945846467159828,0.055981519171544,0.997888308552897,0.205860770890985,0.0267186087503761,0.0502505956810179,0.0506195263332917,0.0884622046568957,0.00678723701967343,0.0306539023636845,0.0439071394463146,0.0275470441080694
