num.sigs,60
likelihood,52252.75
evidence,85522.02
relevance,2.59197041517888,1.88938889082176,1.13141477028863,1.84535980833342,3.11520308898106,0.501596402756661,0.855675391517675,0.734274171395116,1.64389691913003,0.00775193798449612,0.707315464099758,2.78661607534736,0.826881412948207,2.06826953240923,0.5024990826455,0.00775193798449612,0.45409528362346,23.827028964472,2.9127734477038,0.980287421361507,0.609336239764109,7.54626487638567,1.86164744677048,8.5094175574334,0.316233231658522,0.734931284581989,0.259919887849275,0.990017576177757,1.25492672437032,0.483547728076087,0.623570860601101,0.00775193798449612,0.248862949803955,0.243780747170123,3.35024551850475,0.433302003821909,1.06681716978271,0.597861962539801,5.72062911743255,0.537478985760359,2.95080141603161,0.8807245495123,1.17276813285582,0.318675368554265,0.261078972710356,4.00180083100005,0.545085575579933,3.88368864745231,4.36096092276564,0.620647533760945,1.71579142599589,0.00775193798449612,4.3224427978619,0.22594997419792,0.528525558068565,0.587071997760059,3.8011801603598,0.459958527106301,1.03845694463704,0.729193071209101,0.564080808199095,0.632794139351394,0.46814288413319,6.8003791473161
error,40036006
