num.sigs,63
likelihood,50213.19
evidence,89412.79
relevance,0.43234698867374,2.5827170441015,2.16514099578757,0.490857267433551,0.568326660948539,2.88142725755631,0.808074365596766,0.516953338879428,2.03552173174219,23.7837879258507,6.78461107394114,1.41080359309903,1.05421209812766,3.07914601762693,1.82706320939051,0.70613119097902,0.170899770108922,1.33692082076531,1.02322896524129,5.85672834853095,3.41884764861677,1.88445879343858,0.457756337932924,0.880239417798135,1.1030003344069,8.51219112111944,0.894517327266509,0.351347857031918,0.702351010259015,0.00775193798449612,2.87413263847101,0.199104754161412,4.15607160373812,3.84553078753297,0.228269187419908,0.566124345912117,0.817546996056643,3.77974105514195,0.584804075911605,3.73109736485193,0.538401825989055,0.712383868728171,0.269759722504583,6.65919776180805,0.125383066462972,1.05530969531734,1.60140701447432,0.167790163363471,0.374597730329945,0.303417138057068,0.561721125576412,0.684134839987839,1.59775930759505,0.727380406944362,0.397587881469367,0.478218521420806,0.313807058189182,0.239448907882444,2.72325178850791,1.42511325846418,4.44980245320014,0.484076577032712,0.41448489059957,0.900448540305596
error,44586002
