num.sigs,62
likelihood,52402.12
evidence,90497.52
relevance,0.185552013828208,3.66335918654605,0.00775193798449612,0.305226000399766,0.2225955938577,0.550056746220247,1.23643911937627,6.57500704361943,0.167255483651282,8.25312207728368,2.47364915511768,0.594452200171757,3.15244826336323,0.722994041757474,5.15380293803675,0.366807460760437,1.52461521526964,0.950729832930572,1.74246596131935,4.00295782720796,4.02182376719885,0.547107563257575,2.68726945237017,6.19134431333889,4.41031195126929,1.63862475359323,1.62876254353111,0.896758599472102,4.01461061799318,0.292460703689345,0.879748703430479,0.464978531203216,0.343064737098419,23.1963456682247,0.613059297034781,0.504998015861441,2.8964853854959,0.621511228031921,0.777707264146357,0.251277714687732,0.543630828220013,0.563537252195862,2.62564255681104,0.468719388296098,0.817203519182122,0.418963267769827,0.974453469681463,0.218697225100019,1.74856442315385,0.976181869302182,1.31692519875275,0.875183020532659,0.663125604245023,4.32761200363607,1.09290632905567,0.568935207959067,0.114315186536467,1.23212234686512,0.745246589179398,4.97823266270371,0.516223240491582,0.00775193798449612,0.551985859477464,2.8253018284772
error,41139865
