num.sigs,15
likelihood,83958.58
evidence,35836.31
relevance,0.00453926463912846,0.00453926463912846,0.252858866225041,0.00453926463912846,0.8774943455779,0.492971331146595,0.281310327238278,0.140767043189261,0.00453926463912846,0.00453926463912846,0.00453926463912846,0.248855854010475,0.00453926463912846,3.15694569925382,0.00453926463912846,0.569403117247563,0.00453926463912846,0.381501335549969,0.419916265510472,0.365392539565552,0.210540143180216,0.00453926463912846,6.77510103731579,0.485711737269989,0.409974979845971,0.00453926463912846
error,10837038
