num.sigs,46
likelihood,43633.75
evidence,76801.74
relevance,0.728729318261738,1.95074162065077,2.08044481399767,2.89142041580482,2.44289716505857,1.35084788480886,4.09340897473572,0.782026000413912,2.20465648093162,0.451689873639392,16.2012892228898,5.79619100327828,9.4887822674694,11.3679280566421,2.57608028410163,2.88139573416793,4.73095126453723,2.17451591096114,3.43779660801769,5.22674987689153,1.96062316273302,1.22880012331522,4.66521586490833,4.64843761435785,5.00130221362133,1.10591687619672,0.855035700472841,1.38255166334693,0.883630158893134,1.61196709859574,1.39948887078817,0.814893910021553,9.49986818192385,7.50294664668138,26.9399700723111,0.788458798747287,2.67975070680862,1.1703215134887,1.3278416156119,1.52831674529219,3.93813116935203,2.81356042500958,0.751274196136217,2.11737105661747,6.06668068903898,3.80194531138787
error,44576147
