num.sigs,46
likelihood,43294.82
evidence,76666.3
relevance,5.87128032994285,0.878643829981264,10.0171482171773,1.68002406283841,1.57267863731794,2.15075510339363,0.733176549975586,2.41159937949358,4.08132062535418,1.78011894260684,1.24535717024925,4.44498146824269,0.734316036230347,1.92758872922928,0.807741995194422,3.7634124816656,2.71085069650544,2.49677040875777,0.982447215340352,1.44446460328798,1.14888491572788,7.10602738639554,3.31608198070249,4.18022319090609,3.11874173866036,2.76877949887856,2.28553971173669,8.56064672641459,5.8113877425757,4.48814843066909,2.11535110242351,3.80732093222763,2.72360687206512,1.17615622675681,0.81491992703831,1.65053831524734,1.37615694476896,1.54735111734799,31.7594846015237,1.19279758104235,3.08574840226743,11.4797612324143,1.21822853813821,0.869155480201206,11.5548714355227,8.97023920789781
error,32257505
