num.sigs,62
likelihood,49464.57
evidence,87066.02
relevance,4.22688740756641,2.95303841621721,0.199513403966156,0.440442115677568,0.78113212152593,0.806501518470802,0.885716025199911,0.501053343018797,0.585567966201233,0.486689648165538,4.00132797016766,0.716878218397243,1.38389347119066,0.687344251178841,0.472396809175772,0.453491709201008,0.188587835389613,0.367600408785383,1.90525177518053,0.706026955844949,8.47305266762896,0.264124635260163,1.66827700482193,4.40850189110134,0.00775193798449612,5.85901163323778,0.461819358580257,0.90934200842836,0.00775193798449612,2.06897072808322,0.31928005570792,1.10522456646277,0.816813418137075,3.74265741246384,3.07597102352163,1.20596836216091,1.03525115088371,3.3494249790333,0.490141575274084,6.85830280347708,0.708421469258957,1.77327677823429,23.8005218935226,0.572780740269724,1.94323578365429,2.89682647449639,0.227382370258659,0.755924238341425,3.96101757180233,0.46614078750391,0.377005836224304,0.526462817446784,1.02365344151162,2.59378489332192,1.02538284926035,0.533616936394672,2.57020539012332,0.216371318112085,0.577033404668048,0.450621490881336,0.22029113832916,2.82961718622901,0.588235373830618,6.37316830213646
error,37122682
