num.sigs,64
likelihood,46956.82
evidence,88505.1
relevance,0.25119140646205,0.265173519988005,0.462809520583586,0.222846635110356,1.02879947564813,0.579660098060244,1.17966801665732,1.94966370459897,0.220279092284502,4.07123568846374,1.09167851046171,14.2945236813952,0.293661231618395,0.652980295483085,0.245961869142726,0.780171134002212,0.552323065213739,2.90078692689559,17.3029651665234,2.82108856089984,0.580123476641573,0.72828037270476,1.38556743530201,0.627997545976218,0.701506492887893,4.05876779360346,0.448141650811952,5.94945012995237,0.875510045620038,1.01938307942339,0.500365436902915,0.653980037265426,6.69224687878305,0.352278386594263,0.708992660742589,0.796696792496853,0.239317280429101,3.9914236694389,2.3538524009063,0.544067453207656,2.29679836829566,0.315203158651255,0.485136082820598,8.54013965651011,0.380765001780762,3.30841141630463,0.486794735439107,0.898613775015985,0.391920358344238,3.08505371967092,0.491299380425174,1.86170076269551,0.19733502170679,0.955381642866477,2.56986896742232,4.42019194513198,0.430322204442218,0.984068963010229,4.19450126766572,2.09809607793401,1.75542434949386,0.450041160576675,0.161117683941853,1.62018833555964
error,38832179
