num.sigs,46
likelihood,44415.01
evidence,76580.58
relevance,1.28230684145512,4.1861625381506,1.15632249863618,3.30276459166473,1.66165307345714,5.64944624161027,1.21154325724277,2.08622357970179,1.35756466659636,7.48907118419999,1.0243339503198,4.49048563827162,2.32835145230898,0.879302291537058,12.2712082025778,4.46126394726835,0.724404194683207,0.671165721094072,4.41460186127394,2.12889570578135,2.54195502655937,11.7565543318199,2.32659979158633,1.43248774738834,1.23457424716728,1.40969798156656,16.4617552709823,0.730734457387013,1.79794701923579,5.07111224331463,3.81384853538944,7.30032081133724,2.16602983409577,2.61493029480847,0.786343373208664,1.19372537290569,0.773499109588894,0.645413329360238,27.0229585380969,1.74701493026608,1.26113008025279,7.31300194878338,3.76215048920959,6.76825993687953,1.25896297309143,0.822627126921198
error,45997086
