num.sigs,11
likelihood,13016.26
evidence,-53763.27
relevance,0.00453926463912846,0.00453926463912846,0.45015056686121,0.00453926463912846,0.430562509603761,0.514479093602865,0.00453926463912846,0.00453926463912846,0.395734034748436,0.265441057221843,0.00453926463912846,0.600703958326695,0.00453926463912846,0.00453926463912846,0.00453926463912846,0.00453926463912846,0.00453926463912846,0.21334397491406,3.2046355741995,0.241927360887785,0.00453926463912846,6.48208688896386,0.00453926463912846,0.495417183072244,0.00453926463912846,0.00453926463912846
error,458441.8
