"","ID1","ID2","ID3","ID4","ID5","ID6","ID8","ID9","ID11","ID13","ID14"
"ID83A",0.00387137992308684,0.999995270432644,0.0358436619893592,0.00796802178771361,0.163789698776599,0.0274543025764596,0.029939581750883,0.0305986044379933,0.0175859038184535,0.0199700498874902,0.0793693753523446
"ID83B",0.999990181332655,0.00573110922780273,0.0837752851267501,0.00450140081894246,0.0114099609173743,0.0388060108776401,0.0512744243677075,0.0169604734689695,0.0598044150445389,0.0231807088078479,0.451901142928294
"ID83C",0.0074674677475649,0.0470131250653871,0.231510848216084,0.145471177227874,0.97523579291022,0.0797262948278885,0.141681110590187,0.456150654384394,0.164157617421989,0.668947513234425,0.0576105463365628
"ID83D",0.0567174263147219,0.0628950435272606,0.117303261440735,0.0326435958706666,0.232354650067983,0.36813970472239,0.989787523763344,0.161122669277121,0.0213083613748022,0.172252671700614,0.0596303719671798
"ID83E",0.00846647529853106,0.0121300309284369,0.992608032958123,0.0621076177913262,0.340781215515176,0.0645998305501743,0.103531984603357,0.509550084834212,0.225199346954678,0.115257990849656,0.0279965058092886
"ID83F",0.010427055094137,0.00691583528728645,0.0565270530680514,0.0215420562457538,0.1216906690594,0.998845535562238,0.491619819085809,0.0998053082872559,0.00576533801751922,0.0489687351416243,0.0238716075965817
"ID83G",0.074482549262334,0.0693536761474898,0.556892434294322,0.0452892653524702,0.574367992144457,0.114097059394379,0.150239030017287,0.993505237212624,0.0226475726468337,0.382269869386533,0.0873908820707632
"ID83H",0.463488172252066,0.100611388240306,0.0653466880186003,0.0170614091567726,0.0692148225649677,0.0360281568890612,0.04561826382366,0.0473183229135261,0.0436611179613717,0.0353393416611372,0.999467698842339
"ID83I",0.0199408393772416,0.0136741309661007,0.0700899606360212,0.994816454182507,0.257295163011856,0.0295298931954745,0.0518745042419168,0.072817890492803,0.00650738614918778,0.130650960916628,0.0283781785706451
