num.sigs,46
likelihood,43236.12
evidence,76789.64
relevance,0.8952753072077,3.70741257348653,1.21822294384328,11.5216221335317,3.80822624492756,6.0678814040582,11.283843245266,0.458579200876458,2.1129683363106,2.29147451431212,2.20143127533944,21.4070653158221,1.44681452369638,8.27644305988213,4.84985598791026,2.2222443847298,4.71662693542199,6.99741725220386,5.51580018985795,0.792051088607307,15.3187572369403,1.45294727464427,11.4078752860855,1.3510724785537,1.58595299167789,2.02931717678161,1.75669119590577,3.48719825108907,0.835916278119439,1.13929315889294,1.65976892722889,4.63547773264222,1.85518175802542,1.12343230015818,1.36983265002827,0.750568969956236,1.13202443580805,4.6929232997546,1.25249740698011,0.965121046291552,1.12366642566041,4.01658210765156,0.756718731171692,3.71074540685395,10.1844756840802,3.65576387051767
error,36707376
