num.sigs,11
likelihood,13015.94
evidence,-53780.3
relevance,0.00453926463912846,0.495412173568167,0.00453926463912846,0.213280936027746,0.395734927318723,6.48305554739041,0.00453926463912846,0.513673665161414,0.00453926463912846,0.00453926463912846,0.00453926463912846,0.450128841003656,0.00453926463912846,3.20208348309265,0.00453926463912846,0.00453926463912846,0.265983991807694,0.00453926463912846,0.00453926463912846,0.00453926463912846,0.00453926463912846,0.601109006084855,0.00453926463912846,0.00453926463912846,0.241809557396779,0.424229099287663
error,454705.8
