num.sigs,61
likelihood,50930.09
evidence,85407.2
relevance,2.61680553884443,2.89754720293204,0.260966073952343,2.94229260802998,0.67510151812008,0.00775193798449612,19.1398930480613,1.31079283629938,0.220781068557621,1.02953214531787,8.41572309459636,0.449227533763653,0.499319717789507,0.429399021406405,0.462227306845841,1.85700516647814,1.05481739378006,0.522668506137909,0.457401260032805,0.919456839054166,1.71989451851309,0.685236522073857,4.27505416190338,0.633398547509898,0.71658435510464,2.10901844136591,2.52454163304372,3.93851954882334,3.91693647948244,0.564903535700353,7.5929972298305,2.043606087359,0.319167255378929,0.575400488613818,0.528120773749694,10.1805475501535,1.16542534753381,0.841642541729156,0.87708326948013,0.463723537815516,0.242272110833008,0.200622286078706,0.333644581458989,6.97176500356258,1.20865091966698,0.583277216350491,0.789698074701538,0.485861488228426,0.223606662387102,0.78796018148433,1.08174338802757,0.00775193798449612,0.00775193798449612,0.65165480789706,4.38169106583302,0.433987992459764,3.09154009729924,0.21304571972305,4.37068231378778,0.256487068733487,1.83852374537559,0.581926838372079,4.08429936156312,1.03183760603866
error,46719259
