num.sigs,46
likelihood,43980.14
evidence,76369.08
relevance,1.72776907492652,1.28263295350847,2.12850262799969,1.22369685308988,1.46744432940736,3.8914518371183,1.58064107385411,4.68587037485939,12.384323378683,4.41812148306772,0.986627218770839,0.757836556839866,1.48715180098336,1.12992845163468,0.769495876224248,0.754857278647554,5.75377229785057,0.335124612739406,1.34867224132713,6.13519372354204,4.1651575200186,3.0222497317569,5.58402238015723,7.54838426081625,1.54459638522059,2.49396984535914,1.39053293720779,29.1836483786813,0.863879955239599,1.04834889335797,2.56078250790796,2.08472525301095,12.0117402127786,1.27849102416945,1.78694611048827,2.35495768157425,1.27205840161763,13.8468673165109,2.54067443535202,5.67166454747862,0.759922230855055,4.81724548265544,3.72817180922937,3.23923030414652,0.811280158028848,9.28460422554693
error,46481267
