num.sigs,60
likelihood,55323.76
evidence,87426.61
relevance,0.830758405560603,0.63040147437314,0.208959874845671,0.709790562615296,0.00775193798449612,0.16626393581386,0.495583758909856,1.1357681565269,0.596948802632543,2.02982476537857,0.805876758239326,0.292232416335199,0.180892870682228,3.85554816823318,0.868007172350914,0.241064229681853,0.00775193798449612,1.02972808441919,1.33344533608395,4.27357213500519,6.69265273207793,0.934769580393072,5.25958890541344,0.564770803328105,0.307350902302492,3.09596066923715,2.71062436183322,0.74693901672011,4.49369240126781,23.4043779469528,2.83782345988515,3.96464880238373,0.214106557963729,0.732559249933607,0.711177620482093,0.630529304895225,1.67527154863993,0.49496318568415,0.438524102342561,1.00786140994981,6.6568594996739,0.643766066591577,0.480704091603983,0.504721459700195,2.55783877849752,1.09871939285639,0.566227779427331,1.79292073228978,0.532933434835699,3.10226250007016,8.49011984473133,0.00775193798449612,3.18327674570017,2.09515935614673,2.82686135650929,0.359530698338475,2.61731223113436,0.516956323926668,0.00775193798449612,4.05329467499233,1.38341993287363,0.231180277537477,0.462021137468763,0.413134262750333
error,51409362
