num.sigs,63
likelihood,48012.11
evidence,87850.37
relevance,0.549211248529068,0.718617488996349,0.411588437453713,12.7704823898656,1.16289783559471,1.7960315018099,8.46845715029937,0.204976517837463,0.589697590938793,0.207571128062307,0.476069422008382,0.415164948701062,0.719020762552475,0.177635557749335,0.373820190349318,18.147000710724,2.80951479647441,1.00441206764135,0.555586674540263,0.807142485111231,0.545651224418267,0.569483977060929,0.467351581705673,4.22947741564697,1.98748278663416,1.10978973039476,0.592841486880498,5.03392093159452,0.307375523686174,1.33376497267968,0.291177636253603,0.898770802645169,1.02911870403453,0.977835592965236,0.260667669687787,0.490021869670436,0.506304326953216,0.733027659328539,3.07800671081804,1.00358243536907,3.11104432478249,0.277889752340841,0.562520336093013,5.29126642364917,0.509933879555773,0.00775193798449612,2.68476764075261,4.27716661704087,0.446558287297437,1.05494491603158,0.650853787738477,3.94660727710299,1.96554870343765,0.256753924290704,2.32521040645273,2.8704088357527,4.06656196958002,0.681960429815734,1.4316430215223,1.63151674119471,0.290665915584171,6.73667440204926,0.31868985977329,4.35841856014232
error,37901586
