num.sigs,61
likelihood,52108.79
evidence,88064.88
relevance,2.6461632867218,2.64095748432876,0.694759532935166,0.675009709782412,0.426924843039299,2.92911801888055,0.00775193798449612,0.800315147788753,4.33652115968356,0.322113587229224,0.457285105887181,0.242889717012082,0.881989929565463,0.00775193798449612,3.33834287522962,0.55566866325632,0.986129429421493,0.00775193798449612,1.03164510146488,1.05415249850861,2.76749569743904,1.14781297767509,0.619622916559318,5.31572694569836,0.454306711825699,1.3714685548202,0.731519298090567,3.93583924430832,0.230699949347512,0.727621365197143,4.05256435701036,3.93816632672605,0.535162137830938,1.14739721674288,5.8777050997308,0.33135294582265,8.11740420597581,4.98493353547317,2.72220522489558,1.46600583541238,0.569042954263841,7.38004421358125,0.255640387592065,23.2769462133606,0.186903421603696,0.539887732407292,0.538233022682862,0.728059786090753,0.197455849172712,1.23590737522912,0.259248050439538,1.69298870964782,3.76752999314584,0.30359020328707,0.86809369554758,0.46261085753722,0.577084212255968,3.09656965678212,1.12565984151888,0.847903462534952,1.92098539182699,1.58874377858342,0.397292869962926,0.640715324778692
error,44311836
