num.sigs,61
likelihood,49997.68
evidence,85865.15
relevance,0.73188286466343,2.57292331743757,0.517190382634562,2.07491130929729,0.626510596669962,0.00775193798449612,0.514665333961909,3.42020612309059,0.474726092878676,1.02783254046,0.00775193798449612,0.755234070386585,6.80466403468844,0.819214539597602,0.432499235982645,1.14508700739669,0.362013989455205,0.715187222832019,1.62313362039702,2.87269448292723,1.554351790642,8.42973127911236,2.86079739524603,6.82091589616799,0.322655578139087,0.682791826110789,0.594489135101546,1.04243384086131,0.715613308343381,0.600605340323764,2.88568332948273,0.465601566611459,4.34515042049632,0.985710392704681,2.49095065378322,0.304017495776922,23.796014909114,4.21308404264429,0.460622491447068,0.220219628892022,0.569970557322076,0.81941322454968,0.274735645398655,3.95123939436182,1.42502611186567,5.80910078881998,0.436542997926554,3.10266801373248,0.240335319865122,0.570863743125919,0.48657268242925,1.08476808852177,0.518648568589282,0.00775193798449612,0.899263186288487,1.88705770638485,3.89094174310373,3.82691410158133,0.223001306059712,1.66211632030174,0.82797075896242,0.267448689157899,1.09783372111118,0.55027370235835
error,36087818
