num.sigs,17
likelihood,79015.05
evidence,38868.11
relevance,0.00453926463912846,6.78966787043052,0.00453926463912846,0.276008235200703,0.00453926463912846,0.266243894179303,0.00453926463912846,0.230800817898314,0.491004442854212,0.402139782523102,0.162963367592755,0.00453926463912846,0.00453926463912846,0.359044805856658,0.419101134069697,0.135987274380216,0.00453926463912846,0.620846601833227,0.344930314426262,3.1370343901597,0.00453926463912846,0.699359259848334,0.473379328419564,0.260966286299939,0.210370777695412,0.00453926463912846
error,8939854
