num.sigs,11
likelihood,13018.6
evidence,-53777.25
relevance,0.495435831985272,0.00453926463912846,0.00453926463912846,0.00453926463912846,0.00453926463912846,0.00453926463912846,0.514446159364227,0.00453926463912846,3.20209963134085,0.600801275744112,0.00453926463912846,0.265412517575147,0.00453926463912846,0.00453926463912846,0.241868230802038,0.00453926463912846,0.450360352610464,6.48344484770279,0.213298751744177,0.395848229651846,0.00453926463912846,0.424342575419974,0.00453926463912846,0.00453926463912846,0.00453926463912846,0.00453926463912846
error,470221.5
