num.sigs,62
likelihood,47895.33
evidence,85211.73
relevance,1.17816942774056,0.00775193798449612,0.724278284736263,2.31946325772263,3.87994489263833,8.39671747833702,3.39755515261046,0.335324102446167,0.517734029868831,2.03595399195489,0.909986132285151,3.94415550546742,0.479693986976107,2.57506233674745,0.559101218003258,0.40935835939116,0.00775193798449612,0.596288012261591,1.65085644420714,2.87634829663327,4.4034878753746,0.480977186448126,11.9696887885866,0.241350136257873,0.267327279327827,0.502734330352306,2.05765025024359,0.631545313281275,17.0926630863491,0.117401506746561,0.550686616320933,0.215184384806919,1.08889415159631,0.740749439394161,0.544620498176406,0.684110929470106,0.543735131987298,2.85197670434434,1.23120127455725,0.571249870640104,0.524193481136704,3.4399264662307,0.328378192830241,0.275028461173195,1.63174952703185,6.83843803060506,1.01567555471499,0.441030248922554,1.56338483890032,3.10709337528872,0.347765425213563,1.08618644370188,0.527949524143592,2.14126225101621,1.36909649496597,0.497426030383067,8.70684140449066,0.816009965390501,4.06350460851326,0.665227695597065,1.02090473957676,0.249911543245234,1.11540630124349,0.30635103279508
error,34838959
