num.sigs,16
likelihood,81276.36
evidence,36792.74
relevance,0.00453926463912846,0.00453926463912846,0.254751551520799,6.77579223094969,0.00453926463912846,0.419831929392401,0.340509764599746,0.275674340151469,0.210513953996326,0.00453926463912846,0.858277637233572,0.00453926463912846,0.00453926463912846,0.491000269749973,3.15662837841681,0.403598345774707,0.00453926463912846,0.1472909176127,0.22192726677565,0.490023643758612,0.00453926463912846,0.565220037418895,0.00453926463912846,0.00453926463912846,0.158882013463534,0.359708714968722
error,10367273
