num.sigs,61
likelihood,51697.85
evidence,86790.76
relevance,1.24106125485729,0.990332004231634,0.352000034574585,6.85959594739526,3.97791108213581,0.818937541173691,0.311500302191002,0.787268372166471,6.4841004950477,1.00719155712798,0.472662569260075,3.49800797622364,0.655074259001892,2.81140300138155,0.513044528493256,0.915404834910142,0.294173030639116,0.604523220761517,0.700662075678118,0.905805578167846,1.05215403279638,2.06708678480541,1.48961628186089,4.09351442385997,2.8304428180798,8.40652576308723,0.50856074593799,4.21823749942892,2.5792867957944,4.38325998703912,1.33447779395865,1.87087751402684,0.00775193798449612,0.405239284494731,0.560583599072471,0.24013042541157,0.295904834554305,0.583336094475472,2.8784710358084,4.53350919390136,0.00775193798449612,0.22536268127815,3.08675633485113,0.458013147924248,0.184578152641396,0.204393020436563,0.309828907542883,2.49230913796959,0.556721355362427,0.590831514374999,1.64982500700392,0.794747427906557,0.00775193798449612,1.22871791737775,0.476202162579755,1.64547498177236,0.588756215474777,0.558967065995627,0.837849013681126,0.432729360342945,23.7340888359656,5.91499713410002,0.486568873891194,0.794851908052843
error,47331817
