num.sigs,46
likelihood,45018.92
evidence,77904.22
relevance,4.05654587215038,1.42280777083656,2.59841417824021,3.40412291368477,2.35591428966333,0.936431250637438,8.62287102003797,33.6503916018512,1.39861783096313,0.738993333007683,2.49201671713834,0.714505496150825,6.35443268362765,1.22489413498778,4.3250600572158,2.04176520228093,1.18102019000215,1.73472643958622,1.56076683611384,1.2671938591306,1.28334117180083,0.7837035344697,2.68001478744588,0.920638345598751,7.45682179404911,3.6673514273993,3.89208144281401,4.61968177359799,1.20694930215813,3.33361685418346,4.63542288225585,0.682243003492888,0.471725321585856,1.35867976877341,5.52777871375767,11.7191116385105,2.14908295545291,1.30030233254396,3.04883735494476,0.710784085695987,4.29875039743979,2.12192013938738,4.49840533980232,8.20093944570263,5.26857105076902,11.0452073119322
error,47383063
