num.sigs,15
likelihood,84147.01
evidence,36042.53
relevance,0.486232137375897,0.360531305452532,0.867164015996038,0.420644563231664,0.00453926463912846,0.00453926463912846,0.241220308501235,0.493790683456125,0.253076332425418,0.567418645321352,3.16007446327724,0.00453926463912846,0.210489411420921,0.40649654842496,0.00453926463912846,0.15191673378,0.00453926463912846,0.00453926463912846,6.77780437873393,0.00453926463912846,0.382556834942813,0.00453926463912846,0.28105584115899,0.00453926463912846,0.00453926463912846,0.00453926463912846
error,10809170
