num.sigs,16
likelihood,81557.28
evidence,38054.36
relevance,0.00453926463912846,0.493353604823986,0.00453926463912846,0.629255815412016,0.407527813071673,6.77992559977813,0.00453926463912846,0.464114304717602,0.496258165860905,0.00453926463912846,0.140367428585464,0.419146874149172,0.00453926463912846,0.00453926463912846,0.00453926463912846,3.13228324144987,0.252442038948086,0.00453926463912846,0.00453926463912846,0.00453926463912846,0.616473438721484,0.387534696805,0.204329366871393,0.210213663217324,0.281177899891899,0.365423181287903
error,9291547
