num.sigs,46
likelihood,44349.72
evidence,76529.41
relevance,4.1242774412767,0.470714522054627,0.858517002063001,6.61974548567736,1.13794472000462,1.76067256052854,1.04295359905715,4.80431265378019,0.336571789957759,2.64686201002068,6.00416067630769,2.55715734038974,3.93755672691097,29.5450663888442,1.36057886599168,3.32489522490037,3.75923879788399,1.13607484826499,0.808748593496208,1.78561811289494,5.87777383091887,3.81239658848628,4.48099195642099,12.5737674016107,1.62947227572965,7.50837785861549,0.736193781831243,1.09466751473747,11.6009554118678,1.72314745052477,12.3901339676436,0.886470070330864,6.03526443903359,1.76971770915957,9.64608498145333,3.23222709758418,0.768482689391448,0.925896189636987,1.47584544580299,1.87201213629153,2.12377217670116,1.18722542791986,2.07419220639642,2.29107701642626,1.38163346345818,1.33976072237912
error,43870463
