num.sigs,14
likelihood,86931.61
evidence,35200.78
relevance,0.267146287565727,0.240269457572941,0.00453926463912846,0.00453926463912846,0.412883796040934,0.00453926463912846,0.481389523602824,0.420342068365118,0.00453926463912846,0.00453926463912846,0.00453926463912846,0.00453926463912846,0.497169764577495,6.77712458312863,0.210407774767937,0.00453926463912846,0.00453926463912846,0.00453926463912846,0.365902282543197,0.576636399897049,0.281113569613796,3.15900690108175,0.00453926463912846,0.427492222172349,0.880449097832542,0.00453926463912846
error,11322998
