num.sigs,46
likelihood,45365.64
evidence,78071.63
relevance,3.4755735383407,4.64737658740516,7.46649164231999,3.6626202632918,1.3054262372763,2.33256818608326,5.62419050340274,11.4651103261791,1.39864688938945,4.57764794575046,3.21404087249583,1.23014794778801,0.729803369778199,1.2362584898635,1.97605919538023,0.859645972201401,1.3635287575971,1.63664390162592,2.71168529771052,5.02674548458444,2.40452720361068,8.78267067146828,0.729699718669537,0.48758380267774,1.13651383044168,1.15095081113152,32.6140632966986,1.78266625281624,0.84541106710199,0.632548407606176,3.82273471786416,1.81598089304663,2.66004643668645,3.77681912396886,0.899211136974508,2.59843230164341,6.48366501517306,2.50183748003056,12.2181298226528,1.44171124483482,0.966494997597539,6.02124162090913,2.12157525556234,11.0971459296885,3.3189323945144,1.19881522691958
error,50820279
