num.sigs,46
likelihood,43782.46
evidence,76938.62
relevance,2.59004430849745,4.42728029600977,1.33231905679757,3.74098041957723,0.77448767456936,0.724933673163021,1.25064053340029,3.43878204988051,1.33098391321362,3.83366696603109,0.981079807005254,2.48138986042684,7.21945678896207,1.73909240659324,8.7297807101917,4.09980920776854,12.4102305381991,5.40746670349014,3.62240751365763,7.05206997899633,1.28922525968988,1.41860970657192,0.882336302083521,11.4581406838501,3.10970729593307,32.5449546663442,2.01383676234987,1.21251773868915,1.74065880827962,0.76541166674056,8.57977314664646,1.66032323311891,4.65202982775687,1.21484982050547,1.93172529874349,0.799983763301422,1.85459574929251,3.82403250759399,8.50235850192521,1.16774319024481,1.24364804302214,2.2764373094218,1.22046065674641,2.37707885356505,2.11013004583973,2.16063723080739
error,35022885
