"","ID1","ID2","ID3","ID4","ID5","ID6","ID8","ID9","ID11","ID13","ID14"
"signeR.1",0.00179251103023248,0.999802482438116,0.0369568650787422,0.00807471220584,0.164391190670033,0.0276163429045649,0.0297121081947747,0.0338861428741124,0.0178066482375639,0.0199360530886612,0.078489500265133
"signeR.2",0.05493215005756,0.99742877230616,0.0330302564425035,0.0038129737919117,0.143340706208749,0.0257744002243547,0.0310830637778152,0.0131122998355891,0.0193553077921964,0.0163076029845878,0.100590886749198
"signeR.3",0.999977311245596,0.00471584374217049,0.0836863474116358,0.00605926221679576,0.00937926438700576,0.0386602911073348,0.0513178830323548,0.0152935031495742,0.059650414604135,0.0227507604789359,0.451690012619451
"signeR.4",0.00506122928670727,0.0682626533615487,0.319948575350707,0.173801760399261,0.965945501545155,0.138598140943875,0.350278693016955,0.530899087542535,0.145721556426123,0.708204400842209,0.0634506218028783
"signeR.5",0.0246831347746603,0.00788525090824888,0.135920825167174,0.0316590966878363,0.190530953469556,0.857927484508666,0.850341442418028,0.224464926142926,0.0096471905052955,0.0871594526316841,0.0460789184016164
"signeR.6",0.00407599618389554,0.0184045243707184,0.99162759581434,0.0724850796566396,0.364194653895975,0.0764255792347793,0.13265614406155,0.631590576766418,0.196434436215704,0.137825106128156,0.0353560479701899
"signeR.7",0.0177391637498496,0.0718890620028175,0.171962388564649,0.0960687030066458,0.534307736876611,0.097671937073653,0.0512766820137981,0.462438023902116,0.0223779819349308,0.135929595021905,0.0544226936033917
"signeR.8",0.349928847569742,0.145190688447727,0.0595279440421296,0.0162168965037744,0.0716671982207228,0.0337725440799459,0.0446539594012967,0.0460062733022446,0.0400242595911517,0.0341204531933932,0.99165569776992
"signeR.9",0.00653470512146259,0.0102578632243316,0.0877414107042692,0.983758844126763,0.278724585186753,0.0341628508816124,0.0629121745169543,0.119688872275234,0.00557273854281681,0.143519751034308,0.0255151916468558
