num.sigs,17
likelihood,78905.42
evidence,38800.23
relevance,0.210320863606744,0.490418881767099,0.402212962797248,0.478590236709504,0.149292794674744,0.00453926463912846,0.00453926463912846,0.00453926463912846,0.419128796925968,0.162893997002319,0.258967590031461,0.264544432821255,0.35904704448822,3.14262817254505,0.00453926463912846,0.00453926463912846,0.697115244606652,0.00453926463912846,0.00453926463912846,0.00453926463912846,6.78901275477796,0.338933489692601,0.277644278880931,0.00453926463912846,0.616357450729629,0.223914743714382
error,8914697
