num.sigs,62
likelihood,51389.26
evidence,88741.91
relevance,3.85838996635147,2.33908365055399,1.08971519082622,0.18118124990798,0.309753829270703,3.94299017948044,3.14005700668591,0.485507734467969,4.03758168509553,0.688601574912388,2.77947814377913,0.568766682523897,0.540621872055149,1.05049754793819,0.391387244705556,0.460030515633106,8.27483973843859,1.87699086822396,1.71624227895067,0.567150954245337,0.492893288674082,0.515853297259889,0.628698076747199,4.44510855923374,0.237148858269595,0.574478643798737,0.304281940142348,0.847602578151969,2.48091495182619,1.14605888495384,1.91362260238898,10.9372219414902,2.81915065882602,0.41522429385688,0.923415001262616,1.05440675132648,0.00775193798449612,3.96690827419392,0.63417726115207,0.606811778626608,0.946838686039784,0.209843257870848,1.64169671806742,0.260804336944967,0.201536838978539,3.84091650590312,1.75931100327711,1.32924040537465,1.20086346416452,6.96014856291171,0.19364170236087,0.602606582261276,18.7783599160189,0.796956794652967,0.185555991882774,0.720973321842269,0.485662846640683,1.16298920650743,3.11275067511078,0.519868235312334,0.00775193798449612,6.19734738174888,1.08079696849569,0.351775297283569
error,49525202
