num.sigs,62
likelihood,49220.67
evidence,87012.8
relevance,0.260291100451537,1.88888911716811,0.785513586034413,2.40029976433796,0.723028239773321,0.486492254907502,0.810595421695664,0.939562827145607,1.21008622706318,3.48178352711917,0.529067972014972,0.683784450918006,23.7517584663463,0.985184133573429,0.37193792311094,0.553933765678033,0.00775193798449612,4.01218641068789,1.71942897616655,0.214243533347191,0.545491993756115,3.13766835484593,0.693386474957735,0.803328565784672,0.326947021160076,2.5791876267394,0.565614555731525,0.612329925114284,3.52541444900569,0.991078889799481,0.620130584241105,0.00775193798449612,0.499275071022423,0.187919410389626,0.21808755326386,0.508025503198662,1.41956319394169,0.28796916560069,0.487238263048638,5.96731191200111,1.08671653895729,4.40151593020615,0.46190699361691,0.395890435477049,1.56288899825269,0.441779515735291,0.855666152360148,6.68622616005618,2.09621929730644,0.510324626082996,6.60303443481219,2.79418173600318,4.19297690816686,1.61103049629277,2.8309395907864,0.354096306822556,1.02007042337451,8.33168371779749,1.71986939693858,0.219180178435933,3.98118397985596,0.419415569745506,2.83937107777016,0.529000180976073
error,36706284
