num.sigs,46
likelihood,43978.78
evidence,76452.13
relevance,6.08416304848704,10.7618058704899,1.41943696436136,2.45424971023222,1.41236724547222,1.6886375145885,2.06078238365617,1.15917589439846,0.308299994859236,5.64266340446492,11.9757381274003,1.33068779679925,0.869590713807419,1.2806674641423,1.81837637392842,29.1416320285096,1.09893741850753,4.41988842307183,3.28503840370764,0.804175416181341,1.20843960005162,2.148312764145,5.31896538069238,1.41040588241739,1.15311836628001,0.743955065548137,3.72249746954889,9.57730559520081,4.07536674725549,1.00279155988305,1.08271438158067,1.18222080189772,1.11401686681581,5.84820157858254,2.33408239298019,7.65871725669422,11.1560569619951,0.967030909286631,6.21821631776558,1.29064733877169,4.07007545482648,3.67472759947986,4.68959795342886,1.34849990723859,7.11102827358927,0.740685059480017
error,39903352
