num.sigs,59
likelihood,52830.29
evidence,85181.75
relevance,1.02838123050827,0.581973267020863,0.566938083943875,0.943095666090328,1.41117658633367,1.97050985669491,6.55302226502778,2.06042762260528,0.618167412206896,0.316984608497478,0.748305380512439,1.91214436630229,1.13462197229365,0.995759003114943,0.83362343747253,2.75658345057241,0.00775193798449612,2.68664386115095,2.39547291324621,3.64229672794483,8.37407176483086,6.38718617428452,0.00775193798449612,0.00775193798449612,0.435934770946051,0.464887917879204,0.548472550672042,0.512513507665236,0.553365663691505,0.693980118514377,2.82339787839663,2.54678664714235,1.66547585218331,1.6265668692469,0.00775193798449612,0.51401244895686,0.00775193798449612,4.08365438226577,3.14881892129427,4.36324455673044,0.536359836617824,0.220782514252555,0.481121501752306,0.739822972112636,0.43927301849653,1.21446150045218,0.729130914550958,3.84136820804864,0.474709315571196,0.519551840175595,0.907203811653821,23.4501817691223,0.559361976472683,0.731080122426064,0.218429553121668,3.6741253859846,0.542012882716626,6.66833910292345,0.412755377054647,1.06784097768487,3.81590437438853,0.240519006808522,0.983753263727459,1.65375154851761
error,37487565
