num.sigs,46
likelihood,43796.01
evidence,76808.57
relevance,1.59695632098818,1.58877230378587,2.4879796015527,0.764701436172374,3.64399865241543,5.84260223072473,0.858344546305845,1.53557362782727,3.36119477561521,12.5709008529384,2.71771479851432,1.74871911262209,0.759111804084102,1.742840771672,4.2237681315999,0.832589491086227,11.3479828486984,4.82638163975811,27.749122283164,1.33077586006702,1.67657846517753,15.013190223318,7.04291150147684,3.71110938728509,9.33277789262577,2.37501599951697,6.05331896009604,1.04133193158365,8.04061295034969,1.43697520110396,1.36149339682826,1.20461798992559,0.876787599929318,4.2021561828643,2.13276223734548,3.68012846043031,1.21476343945887,1.43685758083264,4.80497071212169,2.24735674189728,1.52580224518656,2.08217519356825,1.90675267565528,2.1200005856171,0.458745236509914,1.2560476749043
error,36118652
