num.sigs,46
likelihood,44735.74
evidence,78106.62
relevance,7.82590378623689,1.33979921487678,1.41580935681664,11.4865170477721,7.54111849252737,3.75242490062201,5.32916207545109,0.841751885314834,31.0693048295726,4.34023069261953,2.43159054613096,1.22375634620013,0.747557650011692,1.86938002733858,2.14003335296326,1.29668000578094,11.303117445206,4.67001225244631,3.90077513692662,2.82507638101122,12.2660908895802,6.43818940951124,1.0120275812465,1.25356429459691,2.45739332972296,1.20547556238752,2.1325410941324,7.20280396276546,1.39697340181048,1.70817240885937,1.93262443763506,2.27369911380633,1.2631626766058,1.33362254138588,0.793626461052184,7.25096014821937,1.20944814267696,3.39492011532641,3.13105235714743,1.19350604865023,4.45867990743294,0.733733571000222,3.37973001729764,0.800053201920627,1.91690774180935,1.97571467206882
error,44442124
