num.sigs,46
likelihood,43206.23
evidence,75874.06
relevance,1.62902026909066,4.80737751729811,3.18386485231531,9.46564414518523,1.25575626789788,1.25147354266714,1.80264318903769,3.37955401118132,3.1924224173252,6.03281880163131,0.649953365304686,0.853456173909799,4.98836915900146,7.47152667689792,4.16222630752342,2.13858308827185,1.23915115260264,3.92703434254951,5.68241706461718,0.723408274118218,1.11452603916972,1.58942067429103,4.30446534235372,4.4919169525851,4.76757111252857,0.857169468524421,2.44583806288106,11.9397804858094,1.63714199732143,19.8975543885321,0.92509099962726,23.812351083925,1.16764079018568,1.39861692517302,2.60249559456889,1.8154609559865,3.39461804044954,1.24503088387824,0.758540356132545,3.9417638867496,1.21589293551981,1.48049312269485,1.18074151406911,12.2910477743173,0.887632231325115,0.675110443087272
error,40517566
