num.sigs,46
likelihood,43227.45
evidence,76141.05
relevance,0.739803846949012,1.14630618650893,10.7177800940719,26.0808641097494,7.19661541470091,1.23460823144247,1.46676012094395,3.75160018990203,1.3339792988451,1.88047754325455,3.83745859891418,4.85213725113024,2.12759402376032,2.11918642279938,1.72822444365816,0.911487754749867,0.872624932408144,1.5326631326136,3.19301843260556,8.86868726722364,1.1405294450685,1.18897333966759,4.28895949667689,10.15443352778,6.0472190407781,14.046799564599,1.03462445979041,7.49449315907334,1.56289506696853,3.12465253814323,0.819192128958124,1.61526352304268,0.728902358113907,4.6198570341806,11.858950220514,0.778315364050651,1.18459830302497,4.0071748298966,1.3919880949289,0.767930621027157,2.45357339458612,0.852125149373645,4.21354661068154,2.54910315247786,5.86246134340251,1.81757002938993
error,40536392
