num.sigs,61
likelihood,51840.66
evidence,86961.53
relevance,1.9148239190344,0.584327488505497,0.536699534808527,0.189450222414288,0.45742770967484,0.562611911992128,1.61913398544421,0.72874589274797,0.809480687485389,0.219397377212738,0.824804519188766,0.216076745470049,0.357148851295585,2.58186376843601,4.09152816505058,0.176563087361965,1.56231078337722,0.290941415642678,0.654957853909452,0.283393840684575,0.4394573083983,0.610710034557565,0.00775193798449612,0.990727440020574,4.39536872633129,1.65731120313483,0.470518318879491,1.19894690624844,2.90179256098927,1.02504109214041,1.08464279957318,8.29723452527611,3.97946971924358,0.699384752346173,0.769681811809307,2.83422884051732,0.00775193798449612,4.21929119680404,0.257936024897,3.08960254385853,6.67700907709523,2.07251743828889,0.67234243255736,0.268827824457119,0.221521099909287,23.8410760401304,0.459508085038383,0.792465680247177,0.558250792779254,0.402964967438111,0.00775193798449612,3.37439056962227,0.621470564458826,1.09692468198442,6.10730217256313,5.76232093839631,2.62719867077933,1.09200835356008,2.85908122336645,2.12234558230659,1.34531021274309,1.0436797982085,3.26382836247178,0.596600130230927
error,40412920
