num.sigs,46
likelihood,44480.81
evidence,77572.83
relevance,2.29360110774946,10.3796909196428,1.32889435182263,1.90978299937574,4.20311783607441,1.67778106644517,1.36501746852328,0.731972910716178,12.126728059879,11.433311957657,1.79573723248866,0.85657270588596,6.7937088704386,3.70440370136307,1.35902844993047,1.44407051357762,1.2341175956772,12.1444991600739,4.22314778750891,3.80131454416555,1.19708759414504,0.773589842373148,1.84727953380886,1.55158276345228,5.38668412461619,31.0048429663628,0.75021153883886,4.01639232028343,3.78365019433264,1.72682309012206,7.52761114901221,2.66279043964537,2.11859882830352,0.946784877625669,3.4518097425663,6.70514345736251,1.18872297007111,3.05082600729506,0.888478772928183,2.14653429985805,4.29979877020943,1.60746300375871,2.62598844939158,1.02883554741402,1.47551252453686,1.33141266718581
error,42730623
