num.sigs,62
likelihood,48579.18
evidence,86848.22
relevance,0.52523263908899,0.423497459982192,0.715900687826409,0.309304846060243,1.71926516982601,0.554771243475141,0.236514358344019,0.546503479954364,3.77559658588949,5.7839364270523,3.93450840552379,2.59834826461411,0.181490623072591,1.0809189101326,0.972246169018137,3.89427221490706,1.28857888108904,0.296564360964123,1.17149792597249,0.634941443534471,0.746152526935585,4.20513256361539,0.577906314299603,7.00905302236748,0.347111950710974,0.447325453569786,2.93811046086294,6.73985819613895,8.42482041422423,1.88701880451764,2.06725426189031,0.537375370105371,0.707311963145007,4.37596061358615,0.449081885625047,0.814800183320413,1.03177452307253,0.665242047542849,0.692728712276104,0.00775193798449612,0.504922460518683,1.03859933895817,0.500466068090099,3.34457009080386,0.458761932080887,23.8432914312616,0.728266623963907,3.09956352432624,0.303086594053762,0.00775193798449612,0.605845656940742,2.84151954509352,0.634670072179077,0.446346477075685,1.58246322655562,0.22218203846987,0.642009578896904,2.62349644957168,0.833315970244593,1.6070737064274,0.859339937692983,0.257794859125618,0.898494204995008,2.91472019834647
error,33905705
