num.sigs,16
likelihood,81545.34
evidence,38046.07
relevance,0.00453926463912846,0.00453926463912846,0.207108228121511,0.493123334337734,0.464773511029844,0.625086925115232,0.252006995775593,0.00453926463912846,0.365343293542098,0.00453926463912846,0.00453926463912846,0.00453926463912846,3.13524657987422,0.00453926463912846,6.77995345161466,0.140637404599207,0.210232812421813,0.388899874154347,0.00453926463912846,0.419170100804503,0.482896541441261,0.00453926463912846,0.627780452220607,0.00453926463912846,0.407537917193572,0.281178661331821
error,9235620
