num.sigs,46
likelihood,44605.04
evidence,78096.09
relevance,2.13364953677562,3.43240264018428,9.24866771679404,9.94295595250073,1.09351808597837,12.505390488598,1.4370146034917,1.77807099813018,0.834229606253512,2.74071412353006,2.47327891763407,3.40037740925323,1.32704775779492,1.17753822194299,3.09955257274641,4.45948454944391,7.56601443942027,6.3547648095972,1.24885846232991,5.54237526433141,17.7274914487209,2.60149030304243,1.20344266748148,2.46954038603402,2.43642237971694,0.758743581029467,2.41727723628208,0.875424391040324,0.733098793665429,1.15506099986659,0.762979030137538,25.1144469614249,1.35109482114902,5.93690339397439,1.26447146166429,5.05823164714633,1.80926280108174,3.7362338849662,2.3646070549839,7.5223014403475,2.10284609189871,1.04510212203328,1.11458401278048,0.796442154160827,4.33039803280875,4.36872467072905
error,44753009
