num.sigs,46
likelihood,43663.93
evidence,76365.69
relevance,1.35295878721057,1.14416988795715,3.87407675285651,3.30128629030082,3.48119966541195,1.6127164877353,7.23520860320187,2.572849767292,4.12447244839345,4.50871167278699,2.08809038377498,0.822238904616034,12.4315043067439,1.23349756521587,6.06854914613361,0.735519619946143,1.26677475878164,0.882649216099698,1.21672356122117,0.889428758727231,27.5281648982928,1.84228614402941,11.2653947228778,1.24624931049617,1.44550622214144,2.62453015404852,10.6279338896466,1.17626466556823,0.799430919346472,2.61456396005227,4.57780323034313,4.4952756266865,4.26515554331176,0.76673862005476,2.28729135431063,11.0723479127432,1.74587640640179,1.29128904872421,2.71109969092084,2.17184247401135,1.10245501325113,11.3029010378143,1.2612402862721,0.825828723435722,0.928679673464582,7.45665292515513
error,42189465
