"","min","lower-hinge","median","upper-hinge","max"
"averCosSim",0.997891055278136,0.997894150867775,0.998051736640388,0.998114320262108,0.998208710523969
"falseNeg",0,0,0,0,0
"falsePos",0,0,0,0,0
"truePos",11,11,11,11,11
"TPR",1,1,1,1,1
"PPV",1,1,1,1,1
