num.sigs,46
likelihood,43470.36
evidence,76531.77
relevance,11.5288518608375,5.98300685514628,2.12945231504081,4.57702388953041,2.56787240874224,1.12420870003553,1.2499117723354,4.58246127888637,4.03136377227165,4.38320851916961,1.09825559245229,3.38644193119843,5.45576900160563,1.60703669539509,1.27206918008216,0.831448760012613,2.61248629771267,0.902279181991923,2.12868371144606,1.34777480443018,7.50453324056736,1.39241875582897,1.40016897466403,1.17309783364201,2.66260268036851,29.743770497379,12.3019747738577,0.957908863241906,3.44173674715012,4.10465257203917,1.43997860585339,1.09288067067231,5.98047567122467,0.744790484549259,1.38073576056927,0.758790164616331,0.953144833167054,3.00154427360588,1.9199435987587,7.2353320582726,12.4854169825805,1.80882033358248,1.28307022134719,1.72086706346236,1.45184500845495,9.35181658377055
error,42086690
