"","min","lower-hinge","median","upper-hinge","max"
"averCosSim",0.986976473518653,0.98700033952286,0.989034993575381,0.989380949626772,0.989693755709538
"falseNeg",2,2,2,2,2
"falsePos",0,0,1,1,1
"truePos",9,9,9,9,9
"TPR",0.818181818181818,0.818181818181818,0.818181818181818,0.818181818181818,0.818181818181818
"PPV",0.9,0.9,0.9,1,1
