num.sigs,61
likelihood,50158.32
evidence,86223.75
relevance,1.06213477028544,0.481428539543499,0.763068160499386,1.17926542280102,1.13808889388378,0.489148444173046,3.97920145751181,7.04168290328788,8.43886136105794,0.453277086178478,4.02549743503052,1.61678841601894,0.68328673198163,4.02231431278621,2.93769608421329,1.5728496857753,2.74630125153541,0.538195513377371,0.596908631649921,0.976421205637208,1.66072554208197,1.15042322500269,0.549675148050074,0.51225942465774,0.00775193798449612,0.582312665099237,0.834506840697574,1.88782095694954,0.253044870191421,23.7319071830895,3.93990778277179,0.807549890632735,2.06634668498391,0.665015973401362,1.23298894991872,0.51155149228683,0.553349165942172,3.52246670143815,0.314428354837195,0.905799048903026,0.787105440448919,0.308861002011224,6.80039104594809,2.07923493577047,0.00775193798449612,0.725033314932549,5.90406913213732,0.241220835149295,0.509765134517434,0.351564799560315,0.258571438029033,4.35795487259382,1.10519764366165,2.80089847520154,1.05415340969307,0.424884232123811,0.702778574581803,2.54506613388253,3.1055394251865,0.00775193798449612,0.458152858705282,0.512275014541496,0.20063739542702,0.287021402304505
error,36669491
