num.sigs,46
likelihood,44289.08
evidence,76611.99
relevance,1.32540659646217,1.28477201067404,5.17974010710016,1.55292652557741,8.96313099020205,3.31329260351448,1.33843096868034,1.45966284894211,1.38466800524222,1.25580749427186,5.04690914683243,2.39879192733969,0.935870561482911,2.14013937268511,0.3838397819406,26.7786909997142,1.8048589237601,1.10800040175592,10.9328921360527,3.96257120283446,1.46609773860815,1.13262080873427,1.39512813960676,4.41965548774437,2.6170694308603,4.23122788131335,4.0364692126997,1.02406721925385,0.737292974467678,7.48751231705077,0.629474231133049,1.4432907289944,16.5104618499292,3.75056492914147,1.19043904127064,2.6554680056116,5.12342727606738,0.855462089996403,4.22530453925131,0.865771102826122,2.13343342391432,1.55048581718967,12.1966137339578,0.888987006924039,5.94459135719618,6.09180884254881
error,46241752
