num.sigs,63
likelihood,45726.64
evidence,85527.19
relevance,0.753702554849523,0.908254887979281,1.47643054749202,0.43534620554717,0.303377271827512,0.224098089410596,0.263950636921355,0.543951271709921,0.190535448144134,6.87399468649685,0.976258564616837,1.12168071876441,2.86269093377391,2.43332263018384,0.00775193798449612,3.40181990731203,6.73188979640982,1.20444790321857,1.08855004297037,17.8191045344527,0.369112274487768,0.334825032040969,2.5855863135186,2.09927459489937,0.550088059777098,0.69176022023901,0.496164674417499,3.80222257618565,0.733206828386086,2.84033759319361,2.0414082870994,0.696592836584369,0.562986045445004,0.268874070191385,8.35082757455842,4.37626731774182,0.549876158141309,0.917249957101178,12.2709293755859,0.536616486693093,1.76090753145608,0.793661969569976,0.737119426837599,3.14954134088929,0.458166767530828,3.43648238209754,0.535966568853702,0.92778036130099,0.410674391284755,0.222805451209401,1.6091072717754,0.303130695192304,1.1970705992651,0.525609223424763,0.52072631888422,0.460367327757931,0.702127617647856,0.216593970012916,0.361865088208478,3.89440179182941,2.13137107015503,0.612031652355642,3.95234316939877,1.14507697485105
error,32128806
