num.sigs,46
likelihood,43138.71
evidence,75861.67
relevance,6.24618343555835,1.96037085908338,1.42362533869353,4.79683243043467,4.1207120843984,2.8116022669108,3.30827219746828,4.78029531210306,0.914839234707263,1.13477518855502,3.99552327657466,11.1598600894606,2.58734322261022,2.51792405722506,1.8084858501401,1.11219303740705,4.64892515473876,1.11401118049717,2.16651441925683,2.12539222710424,1.38230579342594,7.47214811427078,6.3624360183743,12.211989919593,1.22970265319107,10.6641718497382,27.3455729260425,1.2613115756867,1.48573806846706,1.24817691519611,10.9387280771826,0.691387403462292,11.4587177207898,2.02892587027385,0.935597062344074,1.28283864059805,0.641456324724572,1.82895148228998,5.05789289679298,1.5538405501427,0.840792550459037,0.895259894634866,0.832731602078947,0.930051594908478,3.56248198001668,1.37814213208439
error,43868986
