num.sigs,63
likelihood,48784.92
evidence,88873.28
relevance,0.791847703757381,0.527347471513471,1.81998352696612,3.25895018538661,3.11134521319642,0.258651249433323,3.9139461871435,0.485210888569459,0.540149498220343,0.287285956041607,1.30880655679495,0.731232945749335,1.40123580415753,1.25529686527826,0.794152139298067,0.418659285457014,2.61439619777824,0.182096889628846,4.35133849003113,0.612313390034353,0.156466914250531,2.93204810792141,1.01080149443512,0.737879897991533,0.558822279832786,6.4487441239238,0.662334052153565,2.01571442122035,0.695773068705872,3.96667114780446,3.10628310934998,0.538489214328018,4.19573556040022,0.811107536076915,0.298170390709191,2.06575222104298,1.10007586377078,0.803393955911749,0.226469784756804,0.553293325389881,1.50240566736556,1.78426458336729,3.08352250470109,1.67048443616288,0.481098874454946,0.7292171660019,0.584026810581101,0.00775193798449612,23.9326855039945,0.396030259979746,0.235381898123481,1.23150494965979,0.55250155533227,0.894440400794839,0.2275740120169,0.544916302564433,0.468731348771873,0.458484664370885,5.67572432186369,6.20037308065567,0.591034931500079,0.329962428194443,4.73625252691041,8.26046580066969
error,40010463
