num.sigs,61
likelihood,51697.75
evidence,87467.47
relevance,0.654292916689209,1.94046303023496,2.23221997496634,0.788005735509902,8.28478942874313,0.47702472161134,4.04023887576709,0.546722480907055,0.647808819484909,1.09558131355755,0.501073623632,3.08024012656371,6.44987260973917,0.890384653116716,0.315119057620818,1.4224161144471,0.00775193798449612,4.06312587638681,6.38093289596538,4.71768642525711,0.520785968336062,0.179691327036266,0.344938720122018,0.425178509229769,0.257742557145496,1.21692039913616,0.835087065461396,2.11235149508583,0.537400100307722,7.67331517420831,0.505267676200255,0.847679444382436,7.04529707692618,4.35646694340731,0.295193893521437,0.00775193798449612,0.19387902645737,0.575916437277073,0.733710598996021,2.58848268753444,1.02754765266303,1.99166420138258,20.5836913248251,0.218290100546724,0.00775193798449612,1.23683402515416,2.80005327037704,0.237697801667838,0.816211786684701,0.535400655657248,1.30083175755707,0.487811388406828,1.56273382393479,2.8951850437392,2.09971491790113,0.911822790599517,1.67592424714598,0.517927354066651,0.57251069271302,0.210818781604271,0.637513155845312,0.68661319670034,0.733015753718472,3.95669156183578
error,43748184
