num.sigs,46
likelihood,42589.45
evidence,75497.27
relevance,1.47792723971354,1.13212906277539,0.845993097440855,1.96848145930134,11.8114795235862,0.494553225883111,1.65619112419302,0.784691890238512,3.40241164604702,4.83236550364769,0.798969266176569,12.2260815167567,3.52454824303756,5.96678733155117,1.16844730279026,2.34773876387363,4.66457364281887,1.40339576947713,1.14958372018134,2.63162201730313,0.723074532836011,4.50210860123171,2.10619416286253,1.5249519248983,1.908350235118,1.01077524506994,1.72969257199171,29.5304375568958,4.08512746896112,1.38591273373387,2.49559127977437,5.42871803766148,12.4858933541819,9.67928947773196,1.78257783259646,1.35395062603724,1.23702167730999,3.44252100720315,7.07403785083736,1.37680821333576,5.84945570873642,1.50014510596445,1.19488440602827,4.03340271780862,1.23891913188238,6.9967783479761
error,35512814
