"","mean","stdev"
"averCosSim",0.993275232820364,0.00117668493638907
"falseNeg",2,0
"falsePos",0,0
"truePos",9,0
"TPR",0.818181818181818,0
"PPV",1,0
