num.sigs,64
likelihood,46130.42
evidence,88995.8
relevance,0.638134102029937,0.471554000722851,0.180789115363202,0.236097685350062,0.428532175806905,1.60169569908157,0.721459492972909,0.20590323530689,1.94546697701993,0.783042419848231,0.873293162614896,0.411483724696769,0.235933202647145,0.263788406012276,0.842543090599995,0.597473872190686,4.34726112307217,5.76474945852024,0.810152029970696,3.82075664094691,1.90686160202346,0.732831027810526,3.38437401544045,0.671108245254935,3.96223910897977,0.540753372295983,0.56487204292846,0.243092394381693,2.00446263190596,0.405681698473743,2.05399662615965,0.213481874385009,1.13574869800985,1.08596152347449,7.95913998032195,0.70914225269154,1.89087439978984,3.64044166290712,3.07959282011077,6.76151460886207,0.474122738844632,1.25378367040913,2.88665556274392,1.09958673804156,0.290104911622742,1.21731336556915,0.594570745496728,0.372296983505844,2.87601496547546,2.17812930926426,6.68782126595098,0.541720254180503,0.598000247148339,0.297865758906499,2.4477107154214,1.01566939434254,3.85569998266297,0.996713710723305,23.8425734353812,2.75438242418033,0.540880031069989,0.447408531847203,0.704713533745867,0.316262436114506
error,33703493
