num.sigs,62
likelihood,49226.59
evidence,87103.07
relevance,0.538995603902471,0.59545456626275,1.13477993760082,1.0397830382981,3.9395038015977,0.782217590842944,0.546246059897611,4.59833070594463,0.324832934162756,2.89543666394591,1.74448730912285,4.02069139638686,0.781946349972165,0.445216020363921,0.00775193798449612,0.31449373805608,3.09125611899779,0.491504896869397,0.634971364750365,4.3774931723755,0.453289915653266,0.693565703475665,0.504452614900845,2.87169922605124,1.25520046908584,3.33434040927391,0.559061325992898,0.735741655589836,0.783890909623485,0.214832916562342,0.362653769826097,0.600294790468936,2.84902994411647,0.844825771728592,0.477217917559458,23.7958764479061,1.68066229252562,0.725932137387721,1.90781850867205,1.59974338193124,1.98442728919242,0.258336087497766,0.73659842287692,5.73068742763456,0.903202109621391,1.22568930778237,0.537801966741766,0.00775193798449612,0.60242034498125,3.86588646831197,6.76997115533346,2.56720697458076,0.626582087530329,6.75779133238817,0.113976163473901,0.301536499361764,1.21386377010043,0.409368246313085,1.33134029439425,0.295117949540504,8.35442431607345,0.241288936733515,0.519397525648407,2.09515614866631
error,38383647
