num.sigs,46
likelihood,44746.09
evidence,77409.55
relevance,3.67484732495559,0.639087877903582,1.08432179012235,4.10594905078194,1.31094564588587,3.62897626544051,26.9042155999265,10.8322156315451,5.52951950037289,0.800405863929417,1.15690398072161,4.56173591751189,16.5801673950059,9.62845982472414,1.27259833900484,0.790294903532949,0.854277033075605,1.36690325943269,3.07900477397261,0.326849187281525,4.11967379932152,2.14301523682829,9.45857081724487,2.957249576011,4.63072027159019,1.81520131160509,3.86384298525766,1.21906640123042,2.42157296449375,1.80375361630129,3.97685960978233,0.486325404622535,0.731327569877344,3.35538881116189,3.90685640988441,1.93375950930703,1.10909539893925,7.50807385863719,1.60904615052832,2.91893197313741,0.979794852047987,5.78361757898048,1.23510003003449,1.23163994534697,4.30479219153632,4.99324279802029
error,46904980
