num.sigs,46
likelihood,42945.41
evidence,75727.09
relevance,0.859069613500072,1.10862143470924,0.949117646368664,1.41611632195278,5.03191734155104,1.18655861860294,0.831861581259797,2.14760581489791,1.55550367236878,4.27348957651644,1.17906448843254,1.26564034958311,0.808006827635563,1.14698397837419,0.780261547794077,4.19048271913057,3.260666004687,4.11532426249897,0.819171493362768,1.4765700338543,0.747141371612542,1.18206427715633,3.41474771976907,1.52262355329907,4.56629492798266,5.92139683504027,9.87593672497216,2.09540127150777,3.33890008180579,1.8335420990991,13.5255461646882,1.33495518869091,29.444235195911,12.2489614257849,3.46221116313053,1.36584264681141,11.7043571806727,2.97554160402529,1.26173646194881,1.83155958388321,1.12394794761385,4.07111191937452,7.5975680180632,4.38422304210787,4.01667138325171,6.11189743554583
error,40583730
