num.sigs,46
likelihood,45902.33
evidence,78478.94
relevance,1.24884697294064,1.23119726071967,5.53345157004552,11.7073060267965,3.81042195195842,0.846364823215532,7.5207100072267,2.52613566892921,3.93416415662062,1.51503853380074,0.774643646882167,0.486188915505815,0.331696558648551,3.71274179464859,4.42945729221743,5.71065944018364,0.737461124374817,1.42886490299276,3.10044407485702,1.14662862224566,11.9232588333562,4.67714662126886,3.03124370918755,0.853336545538246,1.06113026374602,1.89119554443818,1.78860669002383,4.30801054429078,2.16336586339367,1.62554113570273,9.27157269116204,0.73303268965462,2.19922672407136,4.57753624212172,2.12683919772797,1.09503229577339,1.6448908245927,21.157355284671,3.46005182872985,5.76560004108929,3.58298526358638,1.63141491942274,23.0790726576033,1.44893013059479,1.52730614424523,1.35850116477665
error,49761409
