num.sigs,64
likelihood,46829.3
evidence,89707.53
relevance,9.11814346774394,0.217315319120962,0.526965253327454,1.16064354448206,0.183308035719442,2.89501208340072,0.295448177223637,21.4628575334187,2.03756773436517,0.185177358984227,0.177859812678591,0.604786011492448,0.587992891636229,1.78344567448596,2.08271234943111,0.964935810746408,0.70587553055987,0.720462221359675,0.555889207746984,2.62258885002154,2.49375140973999,3.30966674144995,0.930516261869564,8.36102597902331,3.98992223060045,0.644122534405303,0.488066284024214,0.833762793337023,0.726789308189641,1.01723486603256,1.74606581530107,0.54720209011336,1.10543315779334,0.46789721183463,0.607007725991148,0.524816563785729,0.676051262483217,5.30251537470241,0.500588790743234,0.64991051297584,3.55822342012139,0.506796776693234,2.59076379347075,3.75252865235826,3.13237043472323,0.819503039656823,0.438424830567137,0.943195546853361,3.82422437253678,0.691674646724449,0.184316951846637,3.58155708395553,1.15000119413509,0.430596227106105,0.325437295115375,0.460124195395541,1.70706001011522,0.248984661117834,0.323172670471818,0.891517793894532,0.448833436919624,7.67508457831355,4.36111369550356,1.14005677350471
error,32836966
