num.sigs,60
likelihood,52136.09
evidence,84557.35
relevance,0.541854856943655,0.714777344023882,2.844780769954,1.11186869851894,2.40086321287821,3.43726041440503,0.499103028997648,0.307072272721433,0.00775193798449612,6.7725372081192,1.90668933631017,1.7378975511896,1.08605945888128,4.00745069328108,1.15449207105268,0.500291413246332,6.75738962864098,0.357926774040767,12.2436290494435,3.94527933742457,0.81494967878811,0.452338641929499,0.56639739474315,0.574560863647485,4.02117228127406,1.07801324539145,1.05034472489044,0.417212189174717,8.57842429154345,2.86476376507979,0.226160552686029,0.00775193798449612,0.67861106655606,0.978657025214546,3.10748062977023,0.464972142843939,0.493657688832786,1.45598442660115,0.663821352202443,0.632152294318686,0.539779506268842,2.11559591898158,1.62876274298834,0.00775193798449612,0.4345248169736,0.732420779132046,17.8015541765246,4.28093965868788,0.629068089423326,0.240096034036048,0.694073777447779,0.00775193798449612,2.14473976526603,1.24920085040168,0.221838556020478,4.39933876298391,0.458219047848871,0.115838270780687,0.200070554741707,0.747452110813174,0.586414761587907,0.989744099670328,2.60821104684024,0.539874906904029
error,42580222
