num.sigs,46
likelihood,45172.69
evidence,78402.1
relevance,0.966548796143445,0.803153966502048,0.819995602533896,3.19508727327253,2.11740555937734,32.2153890167332,1.21649855588719,4.22370465330046,1.81559119876033,7.28207961138986,1.46255584031446,1.34362347437352,0.889685164741557,4.5277262346808,1.11867741807846,1.74362216947323,4.05157754331364,2.5265365739066,0.742711765690524,1.31853664789189,1.44613022827993,1.3867384241276,1.35680449863022,2.10806204538792,2.60209916558936,8.73045721557693,5.62444251665001,4.59360229557098,11.2986554374396,3.7768329745747,1.1944846163062,1.88657112087499,10.55020551344,2.86082601219942,7.40605752349479,5.50455918889079,3.70267461712116,1.23300084522036,4.27003797747274,0.426714491174068,3.66366454581953,2.63614948494414,1.18074814667608,7.82950271475267,7.04088989572733,1.05517139476182
error,40193659
