num.sigs,60
likelihood,53290.42
evidence,86945.5
relevance,0.00775193798449612,0.93804847616194,2.67293158549474,0.118913271807485,0.517801517607611,1.01852116969369,12.8253850206226,3.12200758715938,0.553426298308284,0.740833135281502,6.52143417871706,1.31409518130365,0.574014329394928,0.520284286718616,0.291610008477605,0.967273453506022,1.61054045549005,0.303452862850766,4.23413349373709,0.601707917915507,5.21614424814836,4.541993058338,4.40800947172343,0.00775193798449612,1.30390787530548,0.548112663473581,2.88420866014608,0.331946997122322,0.503417262396626,0.718589538806741,0.294549647360048,1.96308835583014,0.593857563638448,0.655760048231266,0.546941031283962,1.38263440949066,0.786519138554599,1.26923085398082,0.00775193798449612,0.220429445143271,0.635474537606408,0.893299601565995,1.22134542991615,0.785073617734515,0.512797936366825,0.221252847505356,0.360328116764894,0.556610048202182,4.02230975380851,2.83242025365448,2.16474416311183,1.68829260706831,0.839753178721043,4.0618055775689,0.721069234220263,5.08448035449178,3.37536089964387,8.34720195472919,0.495772511337856,1.99484773647329,0.00775193798449612,17.9078802851432,0.418897856906071,0.671213961421938
error,43731331
