num.sigs,15
likelihood,84100.7
evidence,35987.71
relevance,0.00453926463912846,0.253082685796142,0.00453926463912846,0.383826381973543,0.00453926463912846,0.210492861414709,0.00453926463912846,3.15912650724129,0.240649307265847,0.00453926463912846,0.864383395671514,0.273915444528453,0.00453926463912846,0.420611400621359,0.156262113045484,0.00453926463912846,0.493461767803567,0.00453926463912846,0.406293752939822,6.77868919751324,0.00453926463912846,0.486178046457671,0.00453926463912846,0.564547325660088,0.360039868628423,0.00453926463912846
error,10804448
