"","ID1","ID2","ID3","ID4","ID5","ID6","ID8","ID9","ID10","ID11","ID12","ID13","ID14"
"signeR.1",0.00353882941498129,0.999767988639721,0.0351067711317896,0.00574005224906249,0.162685663151412,0.0271895260998742,0.0293438452264326,0.0318603617546549,0.00395175149051119,0.0170136253483463,0.0186879364252753,0.019447699235515,0.0792233040676295
"signeR.2",0.99998938484687,0.00485511796183058,0.0837962779196808,0.00605337792572791,0.0103834377214658,0.0387458948291225,0.0512327426762249,0.0162469474654613,0.00314670692233598,0.0595762061760076,0.00548881855173944,0.0229444752078526,0.451768982195708
"signeR.3",0.000585419859361447,0.998020890275736,0.0290915205361419,0.00445170841765963,0.137229161798833,0.0225751171452285,0.0283498431484813,0.00816433369834046,0.00282523546199709,0.0165560457306506,0.00594956233022514,0.0138078217988623,0.0756479260261848
"signeR.4",0.00513417597967791,0.0780191043655207,0.331706931062922,0.179272390551306,0.972625560057026,0.127945058024281,0.322957108644538,0.547598844268242,0.140080253326065,0.121360545045802,0.263934962402063,0.709276432273221,0.0639708560821275
"signeR.5",0.0419969338396489,0.00708348389909108,0.111547657025386,0.0331688852438015,0.17615988929374,0.846378000792979,0.866111353409298,0.176632030201138,0.0708639569824421,0.0119620257789215,0.0571584477294944,0.0791690285173431,0.0524989275803014
"signeR.6",0.0447586653343517,0.0183675492938792,0.980063035053236,0.0680078369151664,0.392961190784427,0.0852093103870268,0.146038544822791,0.707835386260995,0.178295828238427,0.177920256235032,0.174740240675221,0.163402883455807,0.0567512250159056
"signeR.7",0.0209108152262224,0.0796730373570849,0.184488004079965,0.0999485860022367,0.509094543199868,0.1012315359989,0.0564958440184156,0.479850786429845,0.0791126288198341,0.0293750702357335,0.259906451946993,0.136476777892107,0.0556521247740839
"signeR.8",0.171351735519152,0.00550530012199968,0.106231782201748,0.0110758542315716,0.0883542512650248,0.0199260683665646,0.0340502068397708,0.034720794081188,0.111113124038283,0.453748056827259,0.0194458492498247,0.0306771283118985,0.864872048188808
"signeR.9",0.00647637728697303,0.00905990008345292,0.0702086622923439,0.997235849528638,0.216232203471986,0.0285137992958512,0.0540712503212718,0.0811442970487923,0.0910910831538849,0.00480207519337172,0.0375124227875704,0.0534853581028008,0.0217995503530864
