"","ID1","ID2","ID3","ID4","ID5","ID6","ID8","ID9","ID11","ID13","ID14"
"ID83A",0.00421223155293537,0.999995256601189,0.0355843364588301,0.00780012606897196,0.163166537621386,0.0273415777048754,0.0298758856787232,0.0298904533993258,0.017580069388306,0.0197940101126465,0.0794705695773138
"ID83B",0.999986195820886,0.00546123152072964,0.0836485760264896,0.00453952290175441,0.0112759083870122,0.0387812184133198,0.0512623983591158,0.0168653514468992,0.0596905292367214,0.0231457069326703,0.451882604774108
"ID83C",0.00682530468646358,0.0338296026276812,0.208930880495909,0.117598378790089,0.925937869156342,0.0683334547995502,0.137202997663987,0.42239267212664,0.119143742008122,0.829786461293411,0.0501971005670838
"ID83D",0.107559721241465,0.00641503207355332,0.116428871113433,0.0357592557097675,0.196947226384248,0.372307131084633,0.99081398473849,0.150983041627442,0.0259509010279367,0.109450869799778,0.0777111167353131
"ID83E",0.00890531713195286,0.0126144866099779,0.993192977314947,0.0622416825701428,0.34815114983729,0.0657104373559316,0.105427617346671,0.518047152778341,0.226584086066826,0.119837863299262,0.0287955877836216
"ID83F",0.0102003641077173,0.00667442776293714,0.0556201596260002,0.0217534905612196,0.120476209443714,0.999027166344846,0.480356872072636,0.0983871996592982,0.00566685436654002,0.0482487625401157,0.0234918232560101
"ID83G",0.106218408904191,0.0756019808151602,0.566918118816864,0.0492435697152184,0.524648969106921,0.115582724218453,0.145109701841273,0.99156803236721,0.0400008427600254,0.232689146605796,0.102167753163634
"ID83H",0.0199479732857251,0.0160667727492766,0.0781809055038273,0.992155135487143,0.283459594646168,0.0317760616479645,0.0570037657847853,0.0883921982992488,0.00989986621786965,0.156426523466048,0.0298259025191798
"ID83I",0.457157374497047,0.09942641433564,0.0649907930117147,0.0198311975391298,0.0694869239761723,0.0358580554267783,0.0453665359864009,0.0474238658327137,0.043480346441819,0.0353579871293904,0.999569140090101
