num.sigs,46
likelihood,43470.33
evidence,76924.02
relevance,0.725034289337483,1.31327259981803,12.0421627448777,4.66807527330302,3.9168331177812,5.88074734948008,1.72160855745683,2.08537556053124,5.23735094402294,3.4985302144664,2.91600558690488,2.57592731375514,4.24400475015285,0.873158229626836,1.67114485804885,0.712694917548172,2.47675871566406,2.58997885304571,1.36089832811569,1.26519445536351,1.17713752916036,1.12140559189704,7.61147301847612,9.51746874835389,7.56984478939272,6.49859149194824,1.37365704226883,2.22937290947564,5.47184280284967,2.71106728014563,20.1820557917265,5.24091346628489,1.10476875110544,1.06497236640047,0.849213675585191,3.71352453547999,2.55207087787144,1.99965673714884,1.15131409086292,1.25194115952973,0.853472694997722,24.9808997833149,4.45640099713396,0.835808640855492,3.12649911189905,1.28156125122788
error,36762408
