num.sigs,46
likelihood,44457.56
evidence,77349.47
relevance,1.22785842326104,3.55733689131756,1.36461502914173,0.790306829787488,2.39390697341202,2.30835394965113,2.21782166328583,3.76185848543248,2.62198715333154,1.28132646751456,5.35860140259694,2.54563371761469,0.775819302802538,1.5441178885297,1.38921652713861,0.801539631735762,8.11368386643678,3.77537617615779,1.19557304203547,1.73212355702806,5.74816323871899,3.30351911933278,7.09723536538109,1.55349844742849,3.86192149029618,32.1111808371429,0.73699524860359,0.839662915064215,11.845738073301,3.37639775183683,2.03707513855137,2.10659736407191,4.98815192564838,1.80990965540558,9.446456742145,12.2727220669121,2.48057625950758,1.23701955992134,0.32892326470901,3.75489632530953,1.11650981391517,1.84365743497274,8.9666479327896,0.963204535618647,4.64593428345273,1.71330157120008
error,39003538
