num.sigs,46
likelihood,42324.05
evidence,75553.97
relevance,1.1212988050983,2.46460083600776,1.47965846924415,3.21444532535587,0.968117326111527,1.36321810536517,1.41515275119649,2.10092440529575,0.909141326228893,1.78548576935069,11.8286250732999,1.40453854756843,1.82125429661272,4.2312388377736,0.735264068522903,4.86051092390188,0.817179979494014,26.6228306000858,6.01922132572058,1.78819360783439,1.36137605170501,4.016439418985,1.57356013214825,10.5225657964604,3.71708361379433,12.3583094916562,10.8291628178283,1.04554656181741,0.686510725295934,1.51879424690735,1.73358428867744,3.21317039279625,1.20378639563472,4.17317594877328,0.806767878271377,12.038048519464,7.07620408670988,1.64549476348549,5.06644349217144,1.13290637436947,4.58229513369081,5.06242031265626,1.2349578343091,2.73555488934328,1.29007494513625,3.97036714318748
error,32847914
