"","ID1","ID2","ID3","ID4","ID5","ID6","ID8","ID9","ID11","ID13","ID14"
"ID83A",0.00387756600615963,0.999995189724622,0.0355914101493211,0.0077722200008894,0.163202454216686,0.0273493497987369,0.0298681542338609,0.0299989837408065,0.0175203175134127,0.0198086414406492,0.0793269985842536
"ID83B",0.999981450956972,0.00590303680644577,0.0836606061259976,0.00432616247727691,0.0112333507430251,0.0387729131662432,0.0512650609149818,0.0168730822228842,0.059589842007618,0.0231215772771325,0.45190827267234
"ID83C",0.00607608535864157,0.0427533535398154,0.212512877957425,0.128589885196244,0.949114907270828,0.0761116911555967,0.145636606827984,0.437755761844649,0.129138901790439,0.781820282749238,0.0530885362493504
"ID83D",0.0938030176759724,0.0300252236367339,0.121803197371794,0.0393575648390276,0.247759663805225,0.367231033363422,0.987885638184403,0.162637007959449,0.0322579074957987,0.174241459389593,0.0746471798849988
"ID83E",0.00862989946669868,0.0120857347139739,0.991709366337062,0.0626201194924494,0.337149052547596,0.0638966698144507,0.104218304259646,0.500400145285083,0.227908556782969,0.113487120333075,0.0276573974138202
"ID83F",0.0101626774145985,0.00652968950873489,0.05595367428068,0.0221657666251591,0.123115973786822,0.997276759178712,0.522929645783281,0.0971668391876768,0.00591735746237732,0.0499336439656085,0.0242071400371265
"ID83G",0.0993892052477855,0.0694362408370496,0.566069759840602,0.0481704524909924,0.516651164421107,0.114351470010454,0.142520474999025,0.99247076347902,0.0387498019720335,0.235276855283519,0.0981540344925389
"ID83H",0.471338159707229,0.101849116804555,0.0662664160024437,0.0222821811497744,0.0700732372039953,0.0363541185926162,0.0468070884307445,0.0475532529142851,0.0441931045538111,0.0356178185195145,0.999293017343023
"ID83I",0.0317695844325333,0.015634836006061,0.0749465019536537,0.994818137853499,0.260896841886021,0.0305780305127911,0.0540914334770852,0.0777765278576225,0.00889506043435973,0.129647531051357,0.0342201316019948
