num.sigs,64
likelihood,46426.45
evidence,88969.86
relevance,0.675950723649523,0.450632192813356,17.8176968417027,0.218881105586374,0.39070367873754,0.348366222763539,1.85036159150928,2.90896633576917,0.420627586720141,0.304830609588978,0.925348227555749,0.999660195761708,2.71414284194405,1.53071726848089,0.610348435686569,8.22917491656675,0.375118122751579,1.22357934874058,0.556720447957033,2.42626411990083,8.32620462230731,0.786940491616166,2.01419338988228,0.536201145647431,1.10677649906218,0.205896266874806,0.456736304446824,4.04850897208366,0.560983064598753,0.261416615308084,4.05196646446789,2.92167149838737,1.83000734113553,0.238413714814995,1.21629456295471,6.62967762854544,1.69782067821112,0.224868266565132,0.464460726071703,0.727425338384016,0.75317465087846,0.330222640921373,0.57203201486224,0.377794207661445,9.2072243491359,3.9723441636631,4.00440889281173,0.55055902692935,0.190176191374911,0.664614534604854,0.555476583421675,0.874456061392441,3.50737039725755,0.271525649198994,6.40023902100932,1.71691373806638,0.229696437200562,2.57805621919551,1.16724508403572,3.11943488218724,0.490716350456614,0.6061143149677,1.25099307171701,0.981513885078245
error,39530252
