num.sigs,63
likelihood,47849.38
evidence,87647.86
relevance,0.722220504588,2.85483544243921,8.33608877972813,0.42637236451865,0.849319901352374,2.95122041283378,0.646617642142891,4.34682411131219,0.310199372145915,0.473543431282684,0.793275843067926,0.242135234656409,0.452761528003057,3.08260502013773,0.329824125994506,2.80669930667792,6.6024315429673,0.528158833015418,0.00775193798449612,0.461580665920277,0.821264370337325,0.271314771602116,2.75074066723854,0.570272374123046,1.03354025632051,0.280691844595691,0.652611430703337,0.545828464758661,0.737132832850445,1.50943095958267,0.22155224485961,3.12151321036728,0.695317074010119,0.269673488631758,5.85209724113923,2.60245525094302,0.450210002754691,0.311769793616277,1.69072932033909,1.14803610340529,0.258948754906912,6.94187024531756,0.176202619166367,4.0007463779681,0.732106844569194,0.594651087750351,3.49646077203865,1.06878274074957,2.12095201928973,4.29843369825044,0.546382033616444,1.07110824552205,0.685219297311861,0.540132414603681,1.65994381445383,1.02702537367884,0.221306500732992,1.57753446410577,3.8638773405704,1.30591412617134,1.87370470911225,23.7004806243935,0.365287766693937,0.998527312240671
error,37516479
