"ex.sig","ref.sig","sim"
"signeR.1","ID2",0.999991890047751
"signeR.3","ID1",0.934067230739963
"signeR.4","ID5",0.966897124043423
"signeR.8","ID3",0.994373051769879
"signeR.9","ID14",0.997889135461879
"signeR.10","ID4",0.990626512212799
