num.sigs,61
likelihood,49377.12
evidence,85161.64
relevance,1.87649507558309,0.370331900909902,1.00564852700138,4.19598324642398,0.45867626919068,6.67449203482848,3.80617774465909,3.8090732154713,3.95281090740493,4.01628706770803,2.8645116280691,6.21866290302592,0.505283559321271,0.00775193798449612,1.23992394776692,2.74869642392941,1.22649000222793,0.162861367963539,0.949950641985057,2.00911237997783,0.238451664547872,0.64264928520712,0.541052186396287,0.24030565790931,1.35598069682826,0.715970148782506,2.27918421562757,0.651114787853296,0.414176529935348,0.495114262875245,1.05881761897151,2.10928749863558,3.10698357746622,1.61765926982975,0.904037274705725,0.00775193798449612,0.421879944969614,0.731676765796803,11.1164629571897,0.686022722559757,4.33910001165602,0.431227378572698,0.589456268348482,0.451966888794103,0.561537984744076,0.495136934374879,1.05699296951608,0.994011506689683,0.823910456723982,1.05034280081994,2.55881179317965,0.532611026617359,1.93859942745902,0.574371218448699,0.314611639322765,0.00775193798449612,0.204603827954449,0.611743102759088,18.6363200727355,0.291902141015136,8.33102786511443,0.709922637313572,1.96446028004592,0.263999304511604
error,39714666
