num.sigs,46
likelihood,43732.62
evidence,76644.05
relevance,5.80276162830491,1.34520719131744,5.87560130049582,1.21195303406183,3.4909742632855,11.6931134926503,3.78072114874498,8.65017340761256,3.81200099766745,2.45922743307873,4.46470672621051,6.31604866535314,1.32641019241,1.31799834469602,0.821226418383723,7.04021337223075,0.479741372619601,2.08956127251634,1.13975557246702,3.89333628965018,1.52175674509266,1.26266780713576,0.924437178746757,11.6886354247552,0.738479643068331,1.05741965424567,2.1937072965088,2.29035832757235,4.31295203694343,1.43056843803764,0.724879295408143,0.91530408481891,6.68414440175042,1.78258437583327,1.70443648711374,3.14495624669288,1.26130528105906,4.67081128196234,1.63588567502639,32.5769249345105,2.95032878766021,1.20061013501674,4.40100974386603,7.2585199340163,1.54995385319221,1.32783829679441
error,38051966
