num.sigs,46
likelihood,43414.64
evidence,76374.43
relevance,2.95178906757755,12.025827529186,0.891981360838656,6.43827408367951,0.799144847463995,10.6456857430606,0.579310785957393,1.38528201249092,2.24969165720016,1.17215768917763,27.6080704021609,2.46875344374575,6.02032785488273,2.04139326362833,1.25443757945349,2.42419391732946,10.5902856199701,1.98860250823242,1.13674395958118,6.14675527330393,2.35802472694747,1.25667140037924,5.25240175915471,3.68113447942024,3.0871812724195,0.476960610258052,3.59062721853491,3.22777018103763,12.3437383207155,1.13390021985646,1.48084653817149,0.751471179713003,4.16681208598844,1.64779726537489,0.793621145545621,0.849611088152636,2.46461029352393,3.96696994506974,4.70453187771257,0.822063496523593,2.66231519312409,1.88320314150326,11.0418345447884,1.1951073776686,1.37320522940371,4.68919665521662
error,36844914
