num.sigs,15
likelihood,84156.28
evidence,36027.38
relevance,0.00453926463912846,0.365196052768844,0.00453926463912846,0.280959944919263,0.00453926463912846,6.77674429988232,0.00453926463912846,0.00453926463912846,0.419679205673435,0.396093905298835,0.262473851740473,0.00453926463912846,3.1578468503399,0.00453926463912846,0.00453926463912846,0.229275991992934,0.13974878021148,0.00453926463912846,0.00453926463912846,0.410112469873642,0.868553799167504,0.00453926463912846,0.210558415244412,0.485730695103671,0.581148605449316,0.492730002622642
error,10951813
