num.sigs,62
likelihood,49299.88
evidence,87428.17
relevance,0.206480200209982,2.72902034018674,4.23444698018581,0.453729676448204,0.433843240357347,4.34509015806998,2.53569231686045,4.33437685537598,1.02081605327956,2.80667736354226,0.536238926251506,0.628920200488222,1.15681297990165,0.704316226537282,1.35283373654634,0.237410762348062,0.267714130904042,0.522569434249026,2.85643661664665,2.05867029185958,0.725080967076988,1.77485885092122,0.452283782309399,1.87428735519788,0.303527186837219,6.85474720715767,0.55991241177899,1.03898835982025,22.5246973288341,0.00775193798449612,1.4684749422688,0.00775193798449612,0.807463974471312,3.82014376936782,6.68607860210147,3.89694170175151,0.917903530006889,0.201445882824622,0.618886717097365,0.624877872580264,0.950385418553327,0.299455110461785,0.514456271669326,0.736950952228968,0.196488393557551,3.09113860415713,0.267695571219516,1.3199709190651,1.09970218712493,8.23195514051963,0.952815428956691,1.72693993415969,0.351014951923567,0.730673455851069,0.666215336864093,1.12986224537893,0.551355102452977,5.77771935933877,2.98262365853771,3.34003402252339,0.524756469828985,0.906831000065039,0.469756386851845,0.227038017434615
error,36418400
