num.sigs,61
likelihood,50634.24
evidence,85649.48
relevance,18.0551867298358,0.442798781599524,0.785623123907895,0.548527198663022,1.00013341122412,0.541865212776001,1.03417560745778,0.216354640145815,0.729941163894418,3.47883850137457,0.508090041376638,0.743694492201457,2.1486180806237,0.739193505594772,0.730573552948299,0.319499807053551,0.117511511189381,0.251710986790831,0.00775193798449612,0.362947405862274,0.889576928680231,1.13214319871254,7.6051072192311,0.731837179247678,1.71000045070374,8.18553128005462,1.14041614519354,1.98304958959944,2.47272905288698,3.73424148836277,0.527170771888263,0.183228978904874,3.66744637071708,0.21038672489826,3.11634303997817,0.522434843081456,2.04406195433742,0.00775193798449612,0.727112168282033,4.03270837624198,1.12005537472769,6.46333182237407,1.22114302491981,0.411736341306522,0.840430092534405,0.517625008245775,3.94250056380759,0.545366521673195,0.48334369410114,1.78113725144174,0.00775193798449612,2.80761894486172,0.591339095691041,4.3396297012695,1.15980979108259,0.23908668464248,0.583382920277767,2.99896268278246,0.677127230366157,2.53164707741424,0.579078980624441,12.1548411515412,0.934715308541141,0.591304804544509
error,38750881
