num.sigs,46
likelihood,45635.26
evidence,77809.71
relevance,12.1610101562175,28.9955233910675,2.10849049601656,11.5625919575463,1.03290683528809,7.45774745956935,1.36214678989172,0.833721463243263,4.53332353967177,0.469197451127788,2.42857625582586,2.66563446329778,0.8035632150823,3.01287899593233,1.68842325089775,2.30881638517088,1.89525058594756,7.50374874057566,1.97158123984536,3.30740924659342,3.27994165787014,3.97172664179492,4.09825022777086,1.34611949073061,1.17237605100349,1.22324366786321,0.815751469364242,14.9302608833264,1.30106203710191,1.40344280583586,1.46580902009928,1.28367892607723,4.66084430356825,3.7728197060011,1.04486183231959,5.95369422660738,1.11138961792283,0.731508810377702,5.21653639697293,1.21579386457678,1.49959647583606,2.49801793411284,0.333227230729496,9.54946969211531,6.01299229378495,1.21773061027718
error,50938266
