num.sigs,15
likelihood,84009.84
evidence,35896.52
relevance,0.486062911685875,0.00453926463912846,0.419995949739718,0.00453926463912846,0.00453926463912846,0.00453926463912846,0.493068762207187,0.00453926463912846,0.410098071521505,0.00453926463912846,0.00453926463912846,0.380547301627919,6.77159039347072,0.00453926463912846,0.248731918572533,0.00453926463912846,0.365407278337675,0.281319680949463,0.891664706811605,3.15842557785919,0.00453926463912846,0.210531350650689,0.566579432646065,0.252163071016287,0.00453926463912846,0.140970050554477
error,10832465
