num.sigs,46
likelihood,45019.85
evidence,76864.29
relevance,0.969218331376999,0.344291548135155,1.27199669126979,2.60839355929043,1.427462447083,1.09244418041135,0.483298982791009,0.72502025316528,5.04316579479822,3.85387914885812,2.97026306245998,3.76278577342969,1.01616743229709,6.29521230535204,7.46124371891876,3.86127075132142,1.12654594431212,1.14954959627296,1.37980324469596,26.2299393468153,3.10832395274524,17.0662698517789,4.51071848343901,1.34473561779195,3.28635198204596,5.85441366415178,2.74629240972599,2.14012423811743,0.857094717919554,2.02349788597416,1.79414681154388,0.835027461298703,3.50535572327924,1.33137776535207,12.3388163138223,0.851705768152398,1.76341127285972,0.857370973442403,1.41216570279981,8.73128849097073,2.71020907996858,11.3950103980693,0.659012482165277,1.36908576913538,4.08874987577766,7.14144834213789
error,50263455
