"","ID1","ID2","ID3","ID4","ID5","ID6","ID8","ID9","ID11","ID13","ID14"
"ID83A",0.00375193201581203,0.999997419812031,0.0361614267364488,0.00784639072193316,0.163349337849327,0.0274614147377795,0.0300436408373219,0.0309167253194488,0.0175756632232354,0.019984630887983,0.0793060010929884
"ID83B",0.999997456047962,0.00544460602783792,0.0840601439710504,0.00520535802789934,0.0116752622129989,0.0388888527345598,0.0513236525960117,0.017182346129768,0.0598781725416843,0.0232631302867004,0.451865424485378
"ID83C",0.00648052521989084,0.0671690925106363,0.226982084218702,0.14151909102992,0.95973721027249,0.0755594368039432,0.137930763085087,0.450728484082506,0.127034502884629,0.766285163014412,0.055776993473118
"ID83D",0.054084208416272,0.00928501888432764,0.12260334733419,0.0471464884799376,0.248765051514224,0.415978401880312,0.992330347182192,0.169505861469504,0.0207466013250469,0.204919376667182,0.0551805577262685
"ID83E",0.0280557246297349,0.0296285189211184,0.991617576941578,0.0673331700538859,0.341190713399431,0.0620332438544494,0.101780408377916,0.4892089071594,0.241685044014084,0.116675946389808,0.0377342613608731
"ID83F",0.0218280540139189,0.00972795847141839,0.0640366156961507,0.0241403621238747,0.125498381932183,0.999161856514363,0.499024011305061,0.106950960621127,0.0070625277231483,0.0511325884538119,0.0297466819992769
"ID83G",0.0568500485237923,0.0981057649969046,0.573372621552257,0.0505120404451995,0.543846248705202,0.114581829279137,0.143815900269446,0.994870422327902,0.039663708574201,0.250260939981563,0.0823344591940142
"ID83H",0.461864582717639,0.0868661854488546,0.0658073441312399,0.0178508548368684,0.0691128769496485,0.0380806533045367,0.0506794550349843,0.0487956989272991,0.0441103606517339,0.0355185288121096,0.999804357795463
"ID83I",0.0256707458436736,0.0127373092478843,0.0761416784768211,0.995889002976257,0.249628543673848,0.0300343020861199,0.0510571500064112,0.0793328667845855,0.00633154884836629,0.122191370544443,0.0309408128788219
