"","ID1","ID2","ID3","ID4","ID5","ID6","ID8","ID9","ID11","ID13","ID14"
"ID83A",0.00375193160641007,0.999997419814586,0.0361614308650546,0.00784640232158262,0.163349351539831,0.0274614157793491,0.0300436426981415,0.0309167352476537,0.0175756570461717,0.0199846338982357,0.07930600203436
"ID83B",0.999997456288123,0.00544408259557716,0.0840601300191222,0.00520537653555553,0.0116751824306025,0.0388888398265499,0.0513236385469417,0.0171823312792032,0.0598781766585321,0.0232631213427019,0.4518653844137
"ID83C",0.00648030445700221,0.0671733505606338,0.226981777155107,0.141519641758667,0.959738469818933,0.0755597388674458,0.137930814524936,0.450728105859899,0.127036593312591,0.76628190530504,0.0557772922537616
"ID83D",0.0540864014741497,0.00928696435052923,0.122603572660734,0.0471464908636015,0.248765621196247,0.415978913250723,0.992330366316763,0.169505966746317,0.0207465996972704,0.204919917622222,0.0551816988327695
"ID83E",0.0280528367787638,0.0296247923529557,0.991616915016757,0.0673334147562783,0.341189930256437,0.0620332292848768,0.101780864297125,0.489205940776019,0.241687285489333,0.116675185062764,0.0377326006501273
"ID83F",0.0218269893643027,0.00974153894744556,0.0640364553212532,0.0241404262760021,0.125500179327061,0.999162076398675,0.499024300627525,0.10695073809232,0.00706260935972658,0.0511326994579989,0.0297472221656438
"ID83G",0.0568519667362452,0.0980927025490815,0.573375620891955,0.0505106371845303,0.543839645490501,0.114581553963981,0.143816065549348,0.994871308144857,0.0396790799289038,0.250260307744833,0.0823344177937003
"ID83H",0.461861188175442,0.0869279867586555,0.0658091232887886,0.0178512134597437,0.0691228563041177,0.0380820955520598,0.0506809880472858,0.0487974857784039,0.0441111586055892,0.03551959520364,0.999803942371568
"ID83I",0.0256707201069527,0.0127357735468573,0.0761419771774503,0.995888887936294,0.249629260342229,0.0300343147371365,0.0510572605057429,0.0793333798561348,0.00633148255595184,0.122192802376203,0.0309407211558257
