num.sigs,46
likelihood,43991.16
evidence,76787.33
relevance,0.776990607964985,0.852993229440019,3.74616149579909,0.516621001472042,3.00544408888408,1.24185698540667,10.1332577768965,29.5031341789228,0.903602323014189,2.22833942694919,4.57475636494686,0.75722728045807,4.15764495146919,12.218372085207,7.08967827027025,2.51810709401493,2.0539955339565,2.33061577049449,5.95643917874272,0.681727740054169,3.27743762380409,1.7156106974096,1.71434794380997,9.40748161311391,0.848111464632941,1.05316450560264,3.11552793861684,4.62996724644037,1.21614087037364,1.17288054160668,1.83291170721448,11.1760688467871,1.57315534328686,4.72654252423696,6.09349028993175,0.860848120231393,7.5063568420392,2.1041080224692,1.39212566347359,3.46201382982236,0.488198229002641,5.83355961405156,4.02687472815568,1.2250867359231,3.08812232378288,1.30433342866745
error,41445898
