"ex.sig","ref.sig","sim"
"ID83A","ID2",0.999996107073835
"ID83B","ID1",0.999997608986712
"ID83C","ID5",0.982084639345541
"ID83D","ID8",0.987761195483028
"ID83E","ID3",0.992200523922275
"ID83F","ID6",0.998600827478602
"ID83G","ID9",0.99467672542186
"ID83H","ID14",0.999732268155853
"ID83I","ID4",0.994501121150725
