num.sigs,62
likelihood,50161.61
evidence,87224.41
relevance,0.468257848660685,0.00775193798449612,6.92123317729519,0.659871768895688,2.64341577902915,0.449815274287091,1.0404220013657,4.20804556614395,0.357167361817175,0.172022030643227,0.190458238885524,4.01377195601725,0.325476950783293,0.938749758327915,5.88018465615972,0.694933673664748,3.45755435344917,0.503903001991492,1.02103173172183,0.637078133854194,2.93602354040428,3.09509374382248,0.228384914667004,0.264323626230593,0.836810201292263,0.45638946770394,0.724758449785497,1.83579821329803,4.39732827166358,0.634159562875039,5.97754850241828,23.8202273859537,2.51886843170682,0.57046560307614,0.00775193798449612,0.202548218962347,0.541573183379963,2.58526067333706,0.80278399228304,0.554063834825111,1.89085750327976,2.86526606231104,2.85752344218198,0.315817313369996,0.435030885239487,1.30764102662085,0.855505102056919,0.533862930726401,0.791156851050521,0.71932451832067,3.91280699565204,0.537535124665463,0.189244370245509,1.10986071481682,1.66754539367193,1.04431973422546,8.39637683932335,4.00617468862292,1.21223820267239,0.252633954382438,0.598933116918262,0.458193729022415,0.625616527906153,1.64915914106965
error,39689745
