num.sigs,46
likelihood,46078.55
evidence,78676.87
relevance,1.8389946015227,5.50666671741149,0.746058117374918,2.32290351146263,4.92374937068423,12.0074937378913,0.845030681497012,1.4137026182767,1.93880711580928,2.5156762027467,4.47095871307349,0.755075146140985,3.47042316664066,6.03765530692266,0.906193898763844,8.41840173358966,2.1511876939808,7.47362574429599,2.61287219742553,1.19629602742742,5.65953558333805,2.15357610141741,1.21282996945682,1.29777248902796,9.04490097227734,6.08728643945858,11.3925918315078,1.91302427535729,1.00044462953695,2.92073833868944,2.46609395382768,1.43049169982573,3.79242265688029,0.735173435484539,32.0266611887855,1.16944675366507,3.31255924605808,2.08106807874824,4.00839236022505,0.333341832580983,1.35856643826773,1.31177325090058,1.45554128500763,5.0623189577516,2.53107104296251,0.479053812024441
error,49733172
