num.sigs,46
likelihood,43490.55
evidence,76293.96
relevance,1.22405275090843,1.43983091213774,3.70121986312522,1.26404572357047,10.0120801910277,7.7116205597886,10.6596068828388,1.18110511649654,2.72110195891034,4.51751999130555,1.79938326546903,0.780010075671317,3.80001118049609,2.02474888479172,0.746952910123799,1.7178950729128,1.21600587697577,1.01236737887216,1.73921537401889,2.17451748541951,27.7551303117554,5.02583749137852,1.23593532894603,4.64929570615651,0.406876116561295,11.6830445847823,1.13051199557509,2.75390384809906,11.6934217653213,3.98408134812172,2.36131872215501,1.37515529446961,2.1099433167747,1.55815045330935,2.58789968473522,5.55245787093682,0.920154498259776,7.06124265679965,2.03398374119606,1.17589145205788,4.2248455499747,12.474264123268,3.03349076855434,0.841819973070738,0.777325967646735,1.17601079412146
error,35084022
