num.sigs,46
likelihood,42816.67
evidence,76261.26
relevance,3.22000125858281,1.46645115786999,7.16844840632276,1.12716809297712,3.69576641354102,4.78481806791956,1.22280188185892,1.11779475895485,2.36516068495618,2.19989911168185,10.0226448743252,1.10990949496708,2.65645104155092,11.9619675344172,0.851206750095943,4.30061012783165,4.26345292648035,0.893369636798199,1.35948207936887,5.13580312107078,5.42293720679681,1.98657653712036,1.08729611992431,0.73615982797912,0.764485650430107,2.23342145653072,2.09492257341896,1.31419663761135,1.24268415382735,1.6377930854106,0.964127794242748,5.324055424134,5.73600747278032,17.0903497435541,26.8138143270652,4.96484323066228,4.18172596766535,1.39647851447466,3.27021696250719,1.26588637326741,1.61000285223307,0.854275082277674,5.6012610429218,3.82288602440644,1.91268291251132,4.5803540841091
error,32995041
