num.sigs,46
likelihood,43985.93
evidence,76344.08
relevance,1.23657566316644,29.4966149117749,4.10680372233681,1.96020194123125,0.750424632050051,6.76251245520068,13.4405326717974,3.18389920815355,0.849078616528569,1.98533812603125,3.21398745798949,2.09920338636626,2.60937906265094,1.34060881535132,0.876115266506099,3.98516172973472,3.73543080183595,1.15013214520593,1.43281934295341,5.99849653761907,5.84820228531751,4.10207167380452,2.93853170266012,0.848725396605283,1.06727342838354,1.2434789141493,3.94926908695123,12.3384095821218,7.49414262499643,1.39960399879061,1.12619570729989,1.02705349212933,2.47609586234441,1.61754420416113,2.143077082089,0.342423906608585,11.8757097208223,1.36811070434556,4.48977064725851,1.26835284201749,1.0535506630376,1.1084549946673,0.800976446866057,9.83422022433107,1.73399902743746,4.71618855449005
error,43340361
