"","ID1","ID2","ID3","ID4","ID5","ID6","ID8","ID9","ID11","ID13","ID14"
"ID83A",0.00387184952712105,0.999995267804305,0.035843204228997,0.00796789769435291,0.163788041028657,0.027453951937773,0.0299395112192381,0.030597254044344,0.0175859047689322,0.019969654142432,0.0793693903487528
"ID83B",0.999990182491378,0.00573365474433074,0.0837754310215684,0.0045014357479406,0.0114105241830471,0.0388060913440172,0.0512745047925844,0.016960591643928,0.0598047135005484,0.0231807990692282,0.451901343215783
"ID83C",0.00746746739038351,0.0470559180183875,0.231510075012822,0.145470719074629,0.975240652280133,0.0797267511915213,0.141681580747762,0.456150825592231,0.164157219971692,0.668946302120128,0.0576137927727236
"ID83D",0.0567653643277503,0.062888060108822,0.117306556543887,0.0326418609693628,0.232352270461711,0.368140271038664,0.989787399950124,0.161122290481863,0.0213105542809161,0.172254386984456,0.0596516075854352
"ID83E",0.0084642007990231,0.0121253921190987,0.992606544459102,0.062105833878259,0.340761598273812,0.0645978407086983,0.10352910324265,0.50953572368889,0.225199790565169,0.115242759465089,0.0279939996218257
"ID83F",0.0104172270345667,0.0069207463103238,0.0565257818735632,0.0215420695831473,0.121691410785512,0.998845296025539,0.491621128770886,0.0998046356047831,0.00576486445406976,0.048968587169178,0.0238675727249721
"ID83G",0.0745112845440689,0.0693413953686858,0.556891951110497,0.0452893720587537,0.574367155817996,0.114098518454043,0.150240231853397,0.993503733787078,0.0226480281004949,0.382273151117103,0.087402826294684
"ID83H",0.463692402500349,0.098636644070852,0.0652973350934278,0.0170538858130771,0.0689029330342824,0.0359860141497588,0.0455716977753833,0.0472684745518234,0.0436400658972923,0.0353083977432131,0.999504941897971
"ID83I",0.0199320820072904,0.0136760842445088,0.0700906184564378,0.994816668133484,0.25729553558381,0.0295298269264332,0.0518742475410173,0.0728203666096392,0.00650686040802162,0.130650020298661,0.0283744566569488
