num.sigs,46
likelihood,43561.13
evidence,76580.05
relevance,0.751522766603577,1.23800677481897,1.213447332815,27.2391525283379,1.68214152128552,0.891883100213411,4.61999032432936,0.81135681270199,1.3319984776795,15.6108737994977,5.29345821825619,3.35335276733155,1.39905308604575,1.26724326258719,1.7765347395703,11.2991751246184,2.39821029570645,1.74720392596663,1.22203117727031,3.88087106586921,1.10330008261472,1.4309158362557,3.94968403430707,2.86827012694243,1.78465693296285,1.22851376986886,3.61542873551208,2.54219329847349,0.655211468810594,1.58080124250794,9.09830371900323,7.09909236287824,5.92252995787882,0.716363261829535,3.81073961561281,12.2197165687577,6.96829765941029,3.6853549842118,1.78859711803247,4.86728044345056,1.22390979638974,2.29159946198294,2.02895505435497,4.40485247961329,1.16211374556894,1.30498569867229
error,38432360
