num.sigs,46
likelihood,44411.23
evidence,77248.23
relevance,1.44384581490982,0.868488076593404,5.99708097661988,9.38490399013809,4.28741435561495,5.94117727469831,1.31521475290612,0.732758262893,7.4723079466095,1.07156555124804,1.38238618410746,1.79989230072475,0.961282041579764,10.4422402878366,1.36907352186201,1.40119226572701,10.979045225876,1.25524221256996,0.732663338256779,0.938955317563859,0.803458566809436,2.17331682060196,1.65348965756307,12.3363179469534,0.836493761988592,3.52631373947882,0.905245464147394,3.66699918325009,2.63859574151776,3.41611503912906,1.2327719365621,1.27042411066545,2.11262874344969,1.23243701819597,2.3781340447324,3.16197538715845,7.97564908999841,0.790016895663953,31.5085721407221,4.73817174045293,4.70168597693881,4.10258606684889,2.7494669648461,3.73800071834395,2.64451220090837,3.7585986558251
error,47770061
