num.sigs,64
likelihood,47749.57
evidence,89356.34
relevance,0.456505516256019,2.70497631835191,2.50042226643883,0.77633742749729,0.116909090167034,0.310911818353334,6.81915972737503,0.650036051085323,3.93884730967411,1.06248852280081,0.204024132497837,0.217964586911856,1.1331309692671,0.778908837983992,1.6596962748516,0.681092042308613,1.61443284759117,0.308861745182925,0.225683417917713,5.75960068435479,23.81999353431,0.705993005631836,4.36802013816075,0.508356909304932,4.25430906697272,2.05383838992242,0.516159140930604,0.967787543337962,0.72269221396052,0.67096103447388,1.90309648716058,0.56607255084887,0.51318190506871,1.288998936319,0.817525629299643,1.12214785556238,0.370078562123487,8.44375071359459,0.270421959122501,0.825865274319826,0.294192929539398,6.76360242018049,0.793679457422285,0.358139110081382,3.36614406069482,0.496076542540693,3.98800572077898,2.8745647287384,1.70400223043687,0.259543394978202,0.470159020015546,0.228619684090749,1.17800368889895,0.476989183733787,3.93276675137681,0.601452469338637,0.237893373178157,2.13221421767311,0.419721912984093,1.02976826312699,0.906496935570136,3.08023947083562,3.01486192940838,0.784369210709066
error,45235435
