num.sigs,46
likelihood,44779.45
evidence,77828.15
relevance,2.28787773176255,2.54618406699938,2.62458889031437,0.744516047188328,9.59806535868259,4.18159301658204,3.42936712457514,3.75984466410312,2.56737552855529,4.63457623697387,1.36118753066807,0.837644832128515,12.219604328098,1.27651148788912,0.765525213098545,2.39357441629502,3.47981609906695,8.03896830794764,10.4650995240625,1.4508866051072,3.58264199062802,2.07140693013316,0.995771839678118,31.4022911259321,0.637812746011628,2.09773414249495,1.38080948564244,1.23108233052825,1.25436019571732,1.13680004230757,3.26156593347348,1.20093236420605,0.828389225082707,1.83674602024717,5.95977936160619,1.73087718788882,0.838713350188229,0.892556553848948,1.14920006711532,1.56315844167932,7.36766728014874,10.2090073311554,3.91611310628201,5.86673676254483,5.15463063810623,3.68294322089696
error,45742983
