"ex.sig","ref.sig","sim"
"ID83B","ID1",0.999581625286577
"ID83A","ID2",0.998613133515202
"ID83F","ID3",0.975160304236922
"ID83K","ID4",0.99005899107972
"ID83H","ID6",0.996607309015786
"ID83E","ID8",0.987463560248934
"ID83I","ID9",0.986723294535108
"ID83J","ID13",0.988469523458204
"ID83L","ID14",0.97457274958309
