num.sigs,63
likelihood,48832.51
evidence,87700.72
relevance,0.00775193798449612,1.09953559000724,0.240108077740952,0.183437604292925,0.233556731060295,0.92448893811437,0.776254731002212,0.629467341874541,1.19098284993593,0.804554754736134,0.218556386599545,1.022277855902,0.21991865262326,0.506175741970905,0.873224153006158,8.48843574684153,0.619707132277716,2.88872054746476,0.30052595401996,0.705273315822974,1.60517236873705,6.50262589640631,0.523473077655787,0.194072452582859,2.95287657615164,6.67845644501196,4.25145124005266,0.457895257207592,3.25576096510472,0.171338575814998,0.704259113092417,2.0830903345534,0.64910228000603,2.58114414137623,4.01802675083289,0.558405557370607,1.8496678316971,3.08878018374077,0.476171800215077,1.37144422017395,4.18722043208941,0.48544147518695,0.567459413562837,0.587241484435927,0.440052330874788,0.538389886421122,3.98869453446195,0.286481157859256,2.56546381552975,1.83422367908327,1.07556330324055,0.364831874425611,4.4052251661101,0.717532991183376,5.8940192381708,0.464196383109406,1.91555287097028,0.260948237615913,0.464440187468837,0.515146463829682,0.80308137875096,23.814492414069,1.01776557436889,2.81143452480208
error,41154384
