num.sigs,46
likelihood,45633.6
evidence,78244.75
relevance,7.46480855406319,4.69044684047813,0.738571567413529,1.36259240798914,2.52588558452664,2.03553385220781,1.2926464444742,0.773374609356318,3.68858722344382,2.97152217481019,1.06163516415988,5.5016957155501,0.790600865782305,3.82202653851275,4.64901364535849,8.56778625531704,1.27777407517743,3.67453038800274,1.14351218071858,2.14600294658049,11.4156707088149,1.78637216860084,0.880445411123687,3.61470395565682,1.2601804254074,32.3455410086198,1.35431370818665,5.06032054368908,2.50399071509851,3.62335748794029,0.77779420357967,2.17304151301744,2.10183538291509,12.0414976465059,1.44278616775711,9.68276162440347,0.644744182985088,3.73809076536702,2.36090436676156,8.07415019826964,5.93739144513985,0.459519093611175,1.90703125190814,1.32520333907864,0.840869059991654,1.46463989412192
error,49151356
