num.sigs,63
likelihood,48472.21
evidence,87920.03
relevance,0.943003043129443,0.929478350318088,0.663534267585466,0.317002919874558,0.215068705667834,0.535546583764878,0.359470054761994,1.1088550714643,0.64003056419199,0.277232149408096,3.23633905111351,1.1535460228287,0.521234239679605,1.14322235157063,1.0233576807359,6.25640280108399,1.03297270936791,1.20964074595105,0.785319892636798,4.07192802161999,0.787558249065982,0.84688348015826,0.731522319365788,4.4281711517054,2.13689779923285,0.49457017153583,6.91117205241304,0.551293171110214,0.723481646619309,0.609953069825072,1.85505914553101,9.45331194506617,3.74896920506604,3.60013947554223,0.555521914620116,0.527878179345965,0.504948344810985,3.9968646176046,0.00775193798449612,0.215552794913688,0.258575508381148,2.8665712101775,0.256568689095978,1.70743094491692,0.497402641779996,2.81792073429992,0.238256022792055,1.63193519222723,0.613482382078562,0.195429431779386,2.74019731160621,0.546206292930945,0.155992070087369,0.398523837865504,0.339193382153921,18.2249534523432,3.11059205255696,0.196031113024199,2.14665036689417,1.02867334520762,0.60221127823479,8.30611546732868,7.49385601362758,1.23203701416034
error,42380119
