num.sigs,62
likelihood,49815.86
evidence,87003.12
relevance,4.28692017472347,0.802440301617451,1.26786055784191,0.68128912890819,0.456587574957879,0.576124184026888,1.01857055439513,3.92759059269061,0.728540005107536,4.19295111584321,0.457968872948603,0.96019507959293,1.70692366053063,0.218535484098928,0.223569046269061,0.435978945834691,0.683972127181889,1.6665423454383,0.71582838138277,0.687808052543291,0.00775193798449612,0.873005565638013,2.84788165111602,0.295467534171003,0.54003204402805,1.18296170265126,2.69163235737033,4.37702974135416,0.459106356918166,0.400812419844794,1.31221576534564,20.917768902121,2.04402061012386,6.91147528761824,0.00775193798449612,0.18376944120423,0.614479861467138,1.01249977721959,5.35261153746319,1.04681807057512,9.60876076376003,4.1841920607767,0.115191886678811,2.59509469695125,1.10819958720277,0.54397370645526,0.351176813623217,3.09216464865001,0.538064248017048,0.524332272138728,0.591292925218251,1.01878562782416,0.519599100979011,1.93980899870418,0.500074139617102,0.469932668893391,0.165394656707859,0.57452331564358,2.71414303746831,3.87985786006697,8.45660308037194,0.313904360755808,0.596018960370071,2.68864484463896
error,37940568
