num.sigs,62
likelihood,49637.55
evidence,87336.89
relevance,0.604859341781672,0.531695183074603,0.34023456113706,0.466852058808238,0.671314059354022,1.3501207591303,0.548524130659731,0.547349134141322,0.00775193798449612,2.87276687917707,0.454217509694201,1.56122575845952,7.03918475339315,0.18642114345067,0.695751323254575,0.563118601688706,0.217301046651837,0.899579266472056,0.887191374862531,0.00775193798449612,0.558232155863143,1.80287184654112,0.464523185352121,2.54746822481287,0.521071434747901,0.446181568090245,0.303628981708227,2.88932195898665,0.433650145373077,0.811866363123387,0.207641068902498,3.991791979911,5.85796417679331,3.91528062703134,4.23531696502695,1.89969178806605,3.09072097793748,2.84496364169816,1.03391906095688,0.625976687825994,8.39414649991818,1.03197391093829,2.91235932814164,0.727466017574997,2.06055471420385,0.717616247925891,0.669201601646998,3.28930261948836,1.19508590990944,0.517509958714316,3.41940366214981,0.563307717470544,4.39163432092637,0.294962836173471,0.812489552231541,0.729872159696306,1.6990164284684,0.259122676686489,0.230665597865226,23.7921863478535,6.74767186922228,0.315758703105309,1.17575867477783,1.03859810898276
error,38927766
