num.sigs,46
likelihood,44534
evidence,77656.24
relevance,3.02006341609223,2.82289216287566,0.830289094980312,6.55668346352687,2.11366710004133,2.5736308579442,11.5620230582656,4.67338103392311,25.9645202642748,0.803152490882094,6.97625596311968,5.37564069696488,0.811615878997176,11.7574217277578,6.10723672756405,3.18362786270229,0.821736968600168,2.82210543909691,4.23528307176812,1.45043293268377,1.17970155467077,2.25369745015307,1.7096444315802,1.52885795988576,4.4718829057768,0.784352678144032,1.26544147808972,2.33003751397386,3.77426254822244,7.52107428269004,1.16525435031735,1.24322665622374,1.25279732399406,18.6485682779695,0.738244723814308,1.37012970347194,1.18574418856917,5.81537425491675,0.728135169179105,1.4513295089924,2.81264879287914,3.42400261833248,2.72929605797066,1.22612308970719,1.23023231486136,4.23443243880327
error,44527197
