num.sigs,62
likelihood,48199.07
evidence,86639.22
relevance,4.46556635833861,0.878966519914057,0.296844739273395,2.50052885701329,0.00775193798449612,0.227830798222255,0.489728155473151,2.04103829491708,0.501542613737847,1.04924787715603,0.697390002992963,0.558573855434665,0.718224656500943,1.1229976924481,0.36456098278944,8.40661047098283,9.64067303184051,2.85291046209694,0.568173616214617,20.8524551463632,0.467375325793651,0.556147322237152,1.74009442196612,2.87151378951288,0.713036643027521,0.571700414163849,0.31471070689696,3.07886561914071,1.62533126988704,0.671839267461718,0.305923100527514,0.00775193798449612,0.260712861623372,0.453759611469532,0.507699209516724,0.461453076277307,1.01227302387365,2.34173363211939,1.28888074549227,0.693934104220106,0.807623764059734,0.54666809014652,0.543421650786787,4.08672761917532,4.37261506134855,0.156865398777487,1.15182320728705,0.312931349240662,1.94283994424039,0.439164939839989,0.509277039562735,0.965851503864586,7.16986305745717,3.66351460133133,0.582814770858316,1.08170066398477,0.497842409606297,5.32758347096636,3.92115765019638,3.99831565596913,2.5938823125021,0.819353972683759,1.05547861956172,1.17491308994649
error,33753708
