num.sigs,15
likelihood,84256.2
evidence,36226.06
relevance,0.00453926463912846,6.77845811295459,0.493980541454676,0.250471681835727,0.489876511823264,0.421115040209816,0.00453926463912846,0.363452050042736,0.00453926463912846,0.154625752653725,0.00453926463912846,0.00453926463912846,0.00453926463912846,0.393873343582853,0.00453926463912846,0.00453926463912846,0.569928654256198,0.272891898061402,0.00453926463912846,3.16051716973961,0.210448004375198,0.252852819290758,0.860303571635299,0.406435443101358,0.00453926463912846,0.00453926463912846
error,10878101
