"ex.sig","gt.sig","sim"
"signeR.1","ID1",0.99998000659889
"signeR.3","ID2",0.999816379685315
"signeR.9","ID3",0.989439164880518
"signeR.13","ID4",0.985904265531531
"signeR.5","ID5",0.959123592959968
"signeR.11","ID9",0.997156241422175
"signeR.12","ID14",0.987346825687461
