num.sigs,46
likelihood,45584.53
evidence,77759.59
relevance,11.8947167744492,0.853778042138639,1.2895168049751,2.52296674055245,0.750578725509188,9.90745481900096,1.08602733856277,22.5710501489954,4.58250325940014,1.50577982021765,3.89588178827652,4.67632078755334,0.820084729315147,3.73266553402107,0.792093909934407,1.10782394583586,2.73645969727091,1.38497655647956,1.40887130058786,4.90237415608169,7.47499449687488,1.21195042852812,3.68587693887221,3.41081904235803,0.474718875117038,1.2587289475615,21.5948939188831,0.348549125980468,1.80595657787513,2.11452635881182,0.771437425583555,1.5509689263264,4.66439366199362,3.8108126664582,2.46413562506869,4.21084000619946,1.18322515606823,1.23503126809914,11.4172201447794,2.20243647945353,1.84855182614026,2.59258300817016,0.792006928183914,6.05272463000814,6.93038759837202,1.43371556034617
error,49117085
