num.sigs,46
likelihood,45114.19
evidence,78085.34
relevance,2.04700557510398,3.30102874184208,0.884904553776677,1.34176681396619,2.64851231734636,1.61841816117805,12.3537069505333,2.0437669204774,0.674930970264768,1.6133798285685,1.12770858053485,1.89046214095999,1.07939322117145,1.31446838053002,1.40203292579666,1.05671509859442,9.41428990884549,1.90581943343276,1.52881121052514,29.7283655650344,2.18534628271227,4.32488682630805,1.68546568747367,4.00046691765695,5.37222754839748,2.54036955592027,14.1415385643618,0.712319508965928,4.20114884228857,1.34740682363297,3.74791880384841,0.871032983002419,1.29452201654896,10.9687657587143,1.83192749346346,7.48482205046179,1.44589352614912,4.10893294867796,0.74779196179759,6.078395422922,5.20023509491816,0.762790919593877,4.10770935815929,1.41424956232185,5.43562246996522,4.37041374150231
error,46325866
