num.sigs,61
likelihood,50100.06
evidence,85731.09
relevance,0.789438955084019,0.534417115103697,3.83262111520234,0.00775193798449612,0.959688118135767,0.553771498335581,3.14330118148925,2.7069208426652,3.4471637039163,8.29570968008959,0.768205357333373,0.551493395791288,17.4901930380779,4.00282249488246,3.94519668929851,0.784611537647082,0.568618986021556,0.00775193798449612,1.36536540299807,4.36708751442848,1.36325701224926,4.10594551581263,0.222846122025572,0.230820707395735,0.491689415476197,0.295475284033122,1.24989061267387,2.64626342832802,1.75280392345838,4.08926887540435,0.166261023396446,1.69718332724658,0.416730477299456,12.480056017982,0.475326282330058,5.83482005313262,1.27143024408934,0.613521174070476,0.00775193798449612,0.573771411464599,0.747024527312547,6.41157878082777,0.426371408175997,0.602797503947726,1.03058363051039,1.05981733992007,0.161753850773831,2.08927642124364,0.83336514297688,3.0045259961278,0.727636089564211,0.796521146163046,0.253597422953132,0.740902717572138,0.672395584439742,0.706476853734527,0.501849814235065,0.976687549530017,0.296133828551263,1.62370488642956,0.23933502050558,1.16459990750517,2.12890324218608,0.348661055829243
error,38836184
