num.sigs,63
likelihood,48918.56
evidence,90684.13
relevance,24.0267104307345,0.875435589323748,0.559974260091665,0.34574987474259,0.956037823583101,0.771254503646456,1.03436659197168,0.671605752516453,0.452713120721096,2.33577052844022,1.21780301687158,2.78187180552819,0.503213021116603,0.00775193798449612,3.44812193237556,0.311926503264511,0.464813394073917,4.08493734323313,0.762037785758681,0.580270992138134,0.658647846339077,2.34367760035486,0.413006282992625,0.240645729397516,0.70235670796628,0.547641667778787,1.60134909965242,0.329933964381945,0.853942099430192,6.83846405132566,0.465795619301305,2.93507449259771,0.722311840196325,1.15969420195878,5.9102483794985,1.74057971139095,1.33880300820722,2.89069304695256,0.226681224173626,0.845456833301582,0.76827833640531,0.274941010608806,1.31387169356112,3.19435273643461,2.52167612408471,0.635548492126608,0.268561891609968,1.65918260950488,5.55729896786207,8.23994886281852,3.81047941829941,3.09048191988289,1.45229099498959,2.59509724799834,1.63246955248343,0.580358614967674,0.452767371584175,0.176583540314388,0.805774505542699,4.4215124909844,3.88858190502143,0.284773129162734,0.543301907874813,0.242666256131312
error,40592360
