num.sigs,63
likelihood,48446.56
evidence,89161.1
relevance,0.791607789743205,0.241912782394959,5.21559987105646,0.456304260342981,0.735134956111993,0.835519298977598,1.68602337430885,4.32304371565864,1.69876890013636,0.261126647475068,2.32984791060953,6.50550740995667,2.87184574525388,0.499015183092578,0.64814756008583,3.61504571461279,9.62453341024274,0.996787571190563,1.16145478183293,0.655680185304606,0.767564573362353,0.204322444632002,1.64271497897208,0.725081273724117,0.881572182100097,0.217548855045032,0.00775193798449612,0.323421405846883,0.65565874370203,20.9962233633862,1.03808535089857,0.596048900545077,0.115555371265468,0.340083136903207,2.92904586817458,0.316079680588808,0.51647003981878,8.28348196514539,0.643707581243956,0.521216120461943,0.418120091715778,4.42177556593823,0.539602900044939,0.567772986776058,0.611541555904286,0.460211368210952,3.09337894222637,0.411355693575434,1.9985232494498,1.00081902988071,1.19776718582547,2.75707370732067,1.04596438718995,2.51973094056623,2.0344854083222,1.112988533896,0.680578382467572,0.460129819823325,0.546674863758377,4.0337390382072,3.94352356665303,1.35153661698889,3.97867784208243,0.264316114915403
error,36266184
