"","ID1","ID2","ID3","ID4","ID5","ID6","ID8","ID9","ID11","ID13","ID14"
"ID83A",0.00381179853395452,0.999997298777573,0.0360659948928379,0.00779509747086726,0.16326879585184,0.0274321643413108,0.0300204224319158,0.0307254619726756,0.017613721132094,0.0199492446167147,0.0793273327256703
"ID83B",0.999997670436085,0.00510133872551655,0.0840355351963967,0.0053415338101791,0.0116460673456135,0.038879492360023,0.0513129458397136,0.0171572249612941,0.0598960341256706,0.0232565197575076,0.451832111104739
"ID83C",0.0063166195368568,0.0667657823065334,0.22198868870269,0.134695107351322,0.953459037026301,0.0739376561357017,0.133858841575942,0.446395951951186,0.124051301421404,0.781796242432039,0.0549728241205052
"ID83D",0.0525272836196086,0.0118201838348501,0.120478128568225,0.0496328077344931,0.230107890475528,0.413438914810462,0.99600078294766,0.162737224049602,0.0225567107318529,0.153090108567764,0.0545473548414217
"ID83E",0.0310262060845309,0.0291565459699629,0.99236622543523,0.0674488978108656,0.345963105982774,0.0631310717635826,0.102783563031348,0.494775777653052,0.241007374697834,0.120445780046303,0.0393634413524538
"ID83F",0.023275995580112,0.00978789026207993,0.0639531861671431,0.0240881323357006,0.124623831928878,0.999436189402674,0.490250220325232,0.106872967549874,0.00725163393229233,0.0508268232171212,0.0302182748056876
"ID83G",0.073552706959362,0.108800774930052,0.57332897676102,0.0506886073522964,0.537715466748966,0.114643094490163,0.143678866533698,0.992715609080502,0.0415442166217412,0.240571124863454,0.0904780817918615
"ID83H",0.457397949671716,0.0912466591784187,0.0653474725692178,0.0178204640376594,0.0695775853152563,0.0380540134428277,0.0504487504135614,0.0483456585811999,0.0440566871478811,0.035414862897611,0.999800723931469
"ID83I",0.025825923091627,0.0136550412590795,0.0787527840083564,0.991848071328865,0.269827559234229,0.0312251516563602,0.0553243096271429,0.0863157361737096,0.00680032315361501,0.160569825243105,0.0315708916356625
