"ex.sig","gt.sig","sim"
"ID83A","ID2",0.999997298977866
"ID83B","ID1",0.999997670222482
"ID83C","ID5",0.953479151944164
"ID83D","ID8",0.996000944176003
"ID83E","ID3",0.992388351847329
"ID83F","ID6",0.999436451890807
"ID83G","ID9",0.992719985355226
"ID83H","ID14",0.999810607188361
"ID83I","ID4",0.991849118670497
