num.sigs,16
likelihood,81347
evidence,36837.48
relevance,0.419816623623414,0.00453926463912846,0.00453926463912846,0.221925080363487,0.275723967297738,0.00453926463912846,0.861567393080519,0.254234101280143,0.00453926463912846,0.155155934649545,0.361861866543441,0.561827390181277,0.00453926463912846,0.00453926463912846,3.1575153070636,0.00453926463912846,0.489747423269027,0.00453926463912846,0.403651524963495,0.00453926463912846,0.491252867551245,6.77573487250251,0.00453926463912846,0.34354849542152,0.145686429066111,0.21052588879073
error,10371903
