num.sigs,46
likelihood,44157.09
evidence,77005.92
relevance,3.40967683156323,0.456841508224628,1.16987703161917,8.55289386380038,1.87836458609915,1.42218769427363,4.4180454402839,7.70547659381938,4.15849529308747,2.32048306716988,1.03438150658926,2.3428693207414,1.36949945983448,7.06374650898501,3.64660912015043,2.69998712769277,1.1954328677284,0.852568859203555,1.71637756325719,7.25565889921266,4.67430446069796,33.1325883085463,3.77010625864495,2.31319676291753,1.21186306231113,10.0151519079451,1.66994036486779,2.51708868396363,2.10703647334632,1.19405944073024,0.821679248069406,0.746986730207927,0.808484177503481,1.15769186921125,5.07171963077312,2.81873662584889,0.977949878437713,1.15380611289496,1.324724614949,2.47620918605341,6.08354830095571,12.4038444082002,1.818342922802,3.53727843021024,1.31291492696465,8.63710767922359
error,38942387
