num.sigs,63
likelihood,52173.65
evidence,90837.2
relevance,0.71206969306748,4.2706288309185,2.49406036183845,0.190051365200426,0.729523424914996,0.597796752738641,1.00394476772516,1.98828453703502,1.91448153694403,2.67110983026052,0.218090886936786,0.986850759584767,2.77678998632292,0.35814552191524,0.592670257983509,0.714315439767711,0.230191953987515,0.59287674146977,0.668110131958009,3.96013232601843,0.308035102885814,1.8764986628305,4.19425031579584,0.494575864594864,16.1570398353179,8.22091147172493,1.39655696394224,0.829047018794429,6.05555741289499,1.20492884871949,0.19573460971736,4.34581323113874,3.34337006984316,0.248144465250562,0.266382432625563,1.00949676469397,0.569499501629159,0.419641784560702,6.58993823776643,0.560104096586316,0.535155968074068,1.98103754881582,2.25159780670078,0.38985471692223,0.673253403854722,0.115887093721469,15.2278628700997,0.646906564072261,0.429805137019688,0.499515022125351,3.41389698096003,0.00775193798449612,2.78280470958411,0.950652369498,1.02495862752961,3.93348559011946,1.04389327898492,0.884067810835241,0.459860932004027,0.311000691057193,1.64023070559024,0.162360345046537,0.491069056360338,0.489251656431363
error,52852409
