"","ID1","ID2","ID3","ID4","ID5","ID6","ID8","ID9","ID11","ID13","ID14"
"ID83A",0.00495863392891671,0.999986792605122,0.035445043008147,0.00722969919352601,0.163207360985748,0.0273797299465575,0.0298072093765701,0.0295612603847221,0.017654788055758,0.0197349526531939,0.0797481156325139
"ID83B",0.999991195234992,0.00534016588562913,0.0835651921734909,0.00466482224902864,0.0109477338538025,0.0387939652886543,0.0512575663535334,0.0168125985799837,0.0596453801872148,0.0231450373936977,0.451898272840224
"ID83C",0.00677921170962303,0.0479140671082152,0.202746127290379,0.116344210817735,0.957500333218213,0.0738374959726911,0.133375678378969,0.441315860099637,0.123237089849329,0.744513633860685,0.0543277644583575
"ID83D",0.029604367254131,0.00754149742653965,0.107476165167947,0.0434209251310462,0.253095861948551,0.362082107171258,0.986407184526891,0.148409136000893,0.0295850540627616,0.183173221272905,0.0437907319475717
"ID83E",0.00786637596107986,0.0105996177299094,0.986545799186372,0.0711300351274411,0.314748686392121,0.0582672340248581,0.0974417130896214,0.460607179839648,0.239604244919562,0.106621242419827,0.0252185145794442
"ID83F",0.0156100124883426,0.00578303884865716,0.0534154102211771,0.0214604862271132,0.113524593673805,0.997073315583637,0.524899656374427,0.0903982477187659,0.00632096373996327,0.0483517749925414,0.0261580616596819
"ID83G",0.0377730144527327,0.0644958398838574,0.549033341247827,0.0426564921812516,0.516808694845871,0.116872298455991,0.141843029012213,0.993143235352034,0.0205452889967696,0.215288637974117,0.0715603315832
"ID83H",0.0128111257188103,0.0107636119565689,0.0737887290341714,0.98643477091883,0.260373783681383,0.0302952636973309,0.0504419479801542,0.0884598076334164,0.00623693923925706,0.126072649864977,0.0252031352062948
"ID83I",0.329007816310003,0.123584792707139,0.0512731892226173,0.0138342845056504,0.0599128171289508,0.0293329996931271,0.0377962414174233,0.0332389520184581,0.0374442011909506,0.0299611663358547,0.989700186684685
