num.sigs,63
likelihood,47238.5
evidence,87558.34
relevance,0.52063163579071,0.498172272371943,0.508910233387102,0.810372219792313,0.494355302112718,1.04083071433673,3.98980110205043,1.89622906898644,0.571749452027398,0.997559770831393,0.407258863399374,3.00266136815089,0.537796470247535,0.542078601549711,0.318707702390701,1.62781182189273,0.24515880206224,8.37221749169252,0.338054646389433,1.73350183830379,4.41329791456319,3.93555424352126,4.13864749905653,1.03185301395207,6.72395198250785,0.312543001775402,2.83340097518001,1.66506962548555,2.82163176195628,0.727885626952908,0.22818512070401,0.681782287647567,0.205845138475701,0.788612273096604,0.358468055415701,3.09469274687385,0.00775193798449612,0.60337752604664,2.02140916942755,1.10723312692167,0.637018286861642,0.867471269196001,6.7854383104453,5.88223468622788,0.55491902241491,0.248636335291219,0.794325276924552,0.308323784379599,2.56659540074315,0.614831556979792,3.22950094468243,3.50237585558148,1.22041915280503,1.11665080151648,23.7374333090895,2.07410380730823,0.243825439850495,0.260628002161454,0.696128970377426,0.515038517876219,0.511548902684446,1.26349596980563,0.444240376271119,1.65157748709697
error,34361771
