num.sigs,62
likelihood,50340.61
evidence,87760.36
relevance,0.710574362257172,0.436411417909116,0.940502854415798,0.218985951992467,6.34659188067898,0.414825091093109,0.362104666890307,0.500916843505438,0.316496917181581,0.298185697762146,0.474058738487908,2.46362372099959,0.571482890054827,0.836522216395489,0.838525832759594,1.66850685954538,3.85075135122491,0.570744900365166,0.291443542108659,4.36357258243185,5.8578759094711,1.89262605547887,4.24309729068793,0.00775193798449612,3.17618328476735,0.798751677652611,0.609633422411045,3.49024929105855,3.94362059266334,1.91582574310733,2.91294580758443,0.273743400515884,1.04273569300083,23.8867677723093,1.01722014180638,0.784885010545967,0.711214148024847,2.51341169933034,0.534945826392944,2.08106822508955,6.53485347836211,1.05405606521824,0.204442546365412,1.05001184350823,1.91365141594579,0.560849529738746,2.73355687341531,0.726751888815087,0.190367828384416,1.82671407521253,0.530092358536083,0.638666945940345,0.479309069422644,1.26311240773166,0.520645117653328,3.08291084931927,0.222268780585467,0.00775193798449612,0.23714883673944,3.01609201111618,0.191253997610443,0.889290469290362,8.33807723928928,1.3534546538129
error,42029176
