num.sigs,46
likelihood,44614.37
evidence,77911.93
relevance,5.88628421443625,1.31341707357173,2.78583690315035,1.56889732171496,1.10556988314171,1.59524810327533,0.629170209000104,3.29760086066308,0.437444153876157,5.5820645945444,7.48271316595827,1.28872572287351,3.98569237969996,1.69586266019812,1.1465067069178,1.3375419431794,1.68570917151383,4.03531133960737,3.71929134424611,2.91320704718072,2.17205935523981,5.15575928057222,11.8639636922182,0.750150830400022,1.37129378716184,3.01054711224886,1.33089802175964,2.1838752430183,0.739109458840225,4.65467110136226,10.4494111177153,1.12729671750953,4.8367908717319,2.37546645794456,3.00129874305033,21.2165142305479,1.89342209982952,1.78078156823931,3.90572414544981,10.7127903953876,0.876615986418761,1.35517118877992,18.9980040174404,1.60879795661356,11.6727480996076,0.815582871885633
error,45312689
