num.sigs,46
likelihood,45447.46
evidence,78623.33
relevance,2.57386967022717,9.4470548186256,1.22812255161548,2.17707838758105,3.8851980589072,4.32945241683184,5.88784159865588,1.45784861811884,1.76455579095835,1.26418316808466,0.581663780406774,1.12878387998336,2.13221546482889,1.15872027953699,9.83439385508622,1.44330596550469,1.01289195077658,4.3807422452081,8.741679992302,11.3301552096736,0.949601130537854,4.64574578813677,0.697630422307772,0.871606208850897,3.33081374134689,1.27965489804294,0.833339947043082,0.866724313594911,0.725354759935549,12.4852786976652,4.85866754169053,7.52387832934077,5.57117849884283,1.79794892018294,0.787619012774467,3.38585336224036,7.13162202228481,2.78728424095702,1.11535876738891,28.4632838068948,3.60731626196001,1.74976291479864,2.01071786946089,3.7272856779889,1.35144609302016,4.4532158248051
error,48292537
