num.sigs,63
likelihood,47375.02
evidence,87393.12
relevance,3.09591432808763,1.10149253956251,0.828480560417739,3.40819223210029,0.269266831315767,0.492947314500674,0.712916085908511,0.530593454498874,0.388145526284634,0.52787580438435,0.501773384767299,1.08214722947991,0.567639265246631,2.0738811458338,1.86997876008753,2.87766868600601,8.50974122035042,23.7542596504547,4.3929716990938,0.389266275153119,0.475575315376096,1.58634318609419,2.89982002963188,0.709951674650241,0.459915615550886,0.560996703091674,0.578420936910352,0.730785945581815,4.06743061741658,0.341347143952392,0.436372306485815,0.566060859384022,1.39348433738925,0.00775193798449612,5.88946069597321,0.822934695453359,1.35649357122581,0.240556826459634,4.23542842311724,2.8281201289271,0.644261615923624,0.882393662672989,1.22506145886192,1.02496643710701,0.523275509283554,0.364663713031554,2.56503891679499,2.24515692125804,4.2112134065978,0.257406715393057,0.231811714079442,0.634331382474193,1.55587754627965,3.94408704885604,0.693669014402995,0.734299451395242,0.308408504011312,0.175819954517701,0.454485009810798,0.202734250312213,1.0210412206725,1.10570654590702,6.8180450590054,6.71696307227634
error,34197561
