num.sigs,15
likelihood,85637.22
evidence,35933.77
relevance,0.571263701400381,0.00453926463912846,0.00453926463912846,0.028653259289221,0.881830994858254,0.00453926463912846,0.00453926463912846,0.00453926463912846,0.00453926463912846,0.365197255490201,0.00453926463912846,6.7774717184357,0.481158384093112,0.420143143262168,0.496771791287105,0.00453926463912846,0.00453926463912846,3.16024579797609,0.281373814288862,0.267820082751346,0.249052115491537,0.210399996056784,0.00453926463912846,0.412918091920165,0.00453926463912846,0.414733062454765
error,11235840
