num.sigs,15
likelihood,84002.58
evidence,35873.55
relevance,0.419841754577857,0.379588226395228,0.00453926463912846,3.15944068945924,0.21052499610915,0.249327034977591,0.00453926463912846,0.568235017595336,0.139287373460339,0.00453926463912846,0.00453926463912846,6.77529918961874,0.365373329409771,0.48573719454974,0.00453926463912846,0.00453926463912846,0.409943796168781,0.00453926463912846,0.00453926463912846,0.87520003988137,0.00453926463912846,0.284756488859576,0.00453926463912846,0.493478533965274,0.252489734949226,0.00453926463912846
error,10859146
