num.sigs,14
likelihood,87118.54
evidence,35391.42
relevance,3.15899612272883,0.367387007932712,0.00453926463912846,0.882344906518568,0.210552861624878,0.420060205873582,0.00453926463912846,0.574255436192989,0.00453926463912846,0.397779523488747,0.00453926463912846,0.00453926463912846,0.00453926463912846,0.244818037902872,0.00453926463912846,0.00453926463912846,0.00453926463912846,6.77685633365314,0.00453926463912846,0.277192609698047,0.00453926463912846,0.282659320263481,0.412609807903092,0.499144749289012,0.00453926463912846,0.48569737189907
error,11283212
