num.sigs,46
likelihood,45687.81
evidence,77909.25
relevance,2.33588746823103,4.69360886228703,2.91324906126893,1.20069992054532,0.812543718464622,1.31340027468855,28.3579564936432,1.47655935195989,0.332007634485003,0.83642424166708,2.51745511431642,13.4679669888243,3.61825223449032,7.52303945674273,1.13198822713294,3.97087492098851,3.18136387155653,1.23494496938648,0.833421241888948,4.16681779186377,3.69606322146283,3.55668967074382,0.673843000329624,2.14855550643509,1.74647479241925,5.94209023598016,1.85097539654055,10.9467974989701,0.889530182630005,5.83008811776641,3.99170860441573,0.460484384217052,11.0294871506575,1.36691429279319,0.759331931476674,4.18847737760123,0.470787308372127,5.08381238638671,1.35104377940479,1.1157799215894,4.63173604905838,7.32043823181484,0.852902840880711,3.70276534061832,1.15364960243569,9.93272316361797
error,51706722
