num.sigs,46
likelihood,44310.05
evidence,77080.9
relevance,0.673009277794787,0.499146729409515,5.66985666482369,2.31077417859855,4.05428480853834,1.26653315874152,1.39509641856427,2.4850558277089,1.3763044448564,9.62533050844261,2.05709450917196,1.07344832096767,2.13367842668828,5.57555227488798,0.87749695266743,4.96058383179302,9.17882494991778,1.75671332860204,5.5749232038981,7.57452494380508,1.17115478158242,1.59378643278609,1.69224074112995,3.70443796927949,5.1960107329756,4.59140704280153,1.06517292219766,0.745909682370247,1.44174222139529,1.08409047232723,1.1174076594667,2.54554836923418,0.731419232835153,0.783711747407836,5.14781259170164,12.2238683693117,24.0423432448988,4.0007012192882,0.990328532112899,3.52961301000335,2.57974692573185,19.9653079620023,1.53984536237472,4.19424574735721,2.27636364863778,1.28991429770854
error,44814954
