num.sigs,46
likelihood,42644.78
evidence,75599.28
relevance,1.25776460093347,2.29606709611493,3.94259097266279,3.27559945996698,0.991812517978817,2.3784168931524,1.07986160475236,12.3892960195411,2.98746878479069,0.950996450654675,2.08089025003071,4.6560378172441,3.284899932605,1.20549238210357,1.26230567983082,5.02702254040232,0.741616300351864,1.79265990350061,1.33498431068689,0.774453799346414,0.842586616996351,2.90189704492566,9.48179925558414,1.25434892176625,11.5985426960686,27.0246082915485,1.3008964201875,1.15127012040934,7.0642347330324,1.99682521524554,1.34374647987291,16.336497546914,0.763586486543548,4.49784186982415,1.29115204563179,3.83549691793263,5.35457849816824,1.27883046389932,1.66741431438516,1.35237925781164,3.02533819988222,3.72512709300037,2.05280490923177,4.32925123067219,1.75526337959035,7.05349963336072
error,34589035
