num.sigs,46
likelihood,44242.36
evidence,77314.94
relevance,5.91637503360303,1.27896536087887,0.734240888990957,1.40152557313143,4.31768175984744,6.8134040556592,4.62355016512826,1.76823636331918,1.1706427026559,11.1086767495137,2.11162570895574,3.80048070536367,10.4123339909535,0.816103686088316,1.40632398733809,1.48612026474148,8.62242342691663,3.46749611289582,0.940548005187801,3.55561767565365,1.369097269213,32.6586404885399,3.40295178635779,4.57775569720853,0.833115148934635,4.44737429469621,0.86241319076641,2.08074299214114,2.91784244243002,6.53429975531613,1.95942420063566,1.28123902933602,3.46030463579765,0.48657898868979,1.28204946430252,3.9048343977382,3.79633761718474,1.25259294263732,3.70943429005075,0.872929504409926,1.44712217092865,2.37946785575008,3.21003391369801,0.601280049040926,2.85934011798267,11.1238105741385
error,41117310
