num.sigs,62
likelihood,49593.16
evidence,87827.72
relevance,2.63336172410072,3.92401507315276,0.44157321596899,0.460653440812922,0.832895338927275,2.66782531289736,0.916452155747909,0.532237271993986,1.67951254821967,0.29491677200772,0.57719898149836,0.730514986930508,0.721565566854494,0.00775193798449612,0.260817981844813,1.03848871716747,0.00775193798449612,0.48996743262776,0.771767619027247,2.8885905998007,0.205717816554277,0.578124814499087,0.236386661087181,4.37796537136586,0.48361773820918,5.39570689995327,0.634023495139838,0.969269365700852,9.55779365580012,0.811244777459762,6.71639190309563,1.21404853082662,2.08292282331825,0.887281134435773,0.543984010927426,0.544222379045535,0.742685209766362,0.551859952851016,3.09350559193795,20.6638692134527,0.163692780837748,2.85699787807504,0.64885081264184,1.4424220282701,0.793507041196466,2.06264571113247,0.301743332520896,0.402447984836737,1.2517022409332,4.10472966181602,1.29412093306826,0.34486980282095,0.482418757031054,1.24641839349852,8.258199598179,4.22574342155256,4.02842663240885,0.308351200129459,0.266457907629908,0.453912088199551,0.793301912177987,2.23076789318498,1.57860450878681,4.64017008206368
error,41138960
