num.sigs,64
likelihood,47884.2
evidence,89551.3
relevance,2.48654215813491,0.590502405417387,0.456486637532412,0.555259185830175,1.79288387642963,0.31985791771218,0.717912795336042,0.167412532019363,4.02411771867595,0.634081037133997,2.01903131318068,0.536407583609226,0.593712129840039,0.823377426648663,0.218466762030436,1.37990144565324,1.08797443625003,0.5315350633442,0.535899123788979,2.81774492273779,4.39856430700733,1.0051871308505,0.625591929812041,0.565340075584657,0.289468293069443,0.681306328520556,4.0283755616355,23.5632902570349,0.457329204018045,0.496505534730775,0.458528131099153,0.563932170482427,0.780048965505684,3.76502876083154,5.81345638055158,0.918598561562864,7.19300648191567,3.1285801137312,0.178779950251497,0.278652126078354,0.358149250017612,1.21921912151142,0.442739117143309,1.70764432600931,4.29556909742931,2.82046905778672,0.234115255201997,0.529507505796348,0.428899035965994,1.41401139118202,2.73349422249399,0.93469768624207,4.34637122187161,1.00701288003478,0.304200327209857,0.452838840980259,0.784442079737695,0.508350528954005,2.57980327574907,6.83393463633071,1.66185438494893,0.853431200200205,0.169678812678419,8.43275946094643
error,40084025
