"","ID1","ID2","ID3","ID4","ID5","ID6","ID8","ID9","ID11","ID13","ID14"
"signeR.1",0.0246816781902988,0.999295192431548,0.0330765122260858,0.00496730047946992,0.14979120517931,0.025855394150747,0.0300322961405914,0.0191625805055726,0.0179881864199753,0.0171297595958523,0.0875763451034286
"signeR.2",0.999980456755683,0.00478859044580915,0.0839676543383319,0.00644983861570292,0.0100293830157546,0.038640771055499,0.0514004391522513,0.0156924136552684,0.0599301960803175,0.0229847756259014,0.451879158078575
"signeR.3",0.00180817491322216,0.999728915949061,0.0366858395603875,0.00798738578662039,0.164113328261946,0.0275633914649296,0.0295811688582267,0.0337839040966685,0.0178195859887891,0.0197882139632666,0.0784725460711451
"signeR.4",0.00495664624798176,0.0681974313095131,0.323656449799709,0.169546301000962,0.945951782666116,0.197353646715589,0.44730433063227,0.531568981259666,0.142337201792177,0.684899484055492,0.0628736940095755
"signeR.5",0.0315162407122783,0.00807758156376071,0.123344459187348,0.0319967555796475,0.184051533194533,0.841314684607879,0.772021029122777,0.20921931954335,0.0150303319775251,0.0854835795974558,0.33554215471214
"signeR.6",0.0399543709562766,0.0128902321091519,0.992868065224218,0.0707863019174961,0.357178350917178,0.0778840520940211,0.132459612460861,0.637187058477942,0.190363152135029,0.138445099751586,0.0468143729769446
"signeR.7",0.0182944128206173,0.123411130055318,0.176137607589912,0.0951039292958957,0.556499820015304,0.103275247007232,0.0559401905195634,0.472002937825641,0.0215166291075652,0.140959159724016,0.05929465942959
"signeR.8",0.00865378265339689,0.0106913299681634,0.0920552435300774,0.9830694550305,0.283334383385119,0.0361792129465677,0.0701719699602821,0.126512242470482,0.00603404127629026,0.14639882482069,0.0268548474824198
