num.sigs,62
likelihood,48995.51
evidence,86891.95
relevance,0.00775193798449612,1.5911494865585,0.244171862538432,2.58379579024042,0.810973468410915,1.04007345993077,3.38277070048512,0.500288885192958,1.01123400424383,0.579553270460498,0.968047357681577,6.85980509236924,0.813990090914211,0.520691752759902,1.01421995938373,1.14600038474798,23.8478303766833,2.78236441402009,0.723227224500362,1.26763795686756,0.540661117997494,0.735565165572335,6.6013475563681,5.75035447713634,3.79016637510289,2.01546579519796,2.85312515563751,3.88819815209255,4.00561595769386,0.293301450460846,0.408113440138508,1.95616889886881,3.09012580665446,0.686965441221482,1.8849480162407,0.320113104428918,1.91340645782952,0.262431832281468,2.0842012627702,2.92429111278507,0.564647922397136,0.525793450416421,0.564592780595115,0.219252044356077,0.547380777827109,4.39132140866729,0.440327729453534,0.262996317811897,0.307788335188717,0.551919770517665,0.571447494870129,0.992570630828513,8.48894816260546,0.700660545630943,4.37717527143154,0.624661087291479,1.61608619830733,0.319171434725476,0.434442195984875,0.375112142418582,0.542527854777692,0.00775193798449612,0.314168910929128,0.48568326651083
error,38474455
