num.sigs,62
likelihood,50342.8
evidence,87430.07
relevance,0.706035070572933,3.77483217866371,0.321426198424117,0.52072610485182,0.164346559054694,2.55592710795941,1.0436240145593,4.22891812287178,3.75277451467623,16.7506019817311,11.6553648930319,1.14636059684721,0.433647973727424,0.656030013822496,1.84557183953429,0.495457891353976,2.12281380969804,8.53155222052951,4.45755551605759,0.00775193798449612,0.694406501939797,0.293715008078245,0.559211435916932,2.72003892404255,0.483378415722501,0.881894765751664,2.03780894105805,2.1883607840142,0.281325403601388,0.473995444670711,1.76129041065568,0.552259961393994,9.02907651913952,3.11311483706047,0.00775193798449612,0.120252739005805,1.20833095564787,1.04936377611975,2.72939369251886,1.07743497428808,0.972163107246275,0.576467820470282,0.532984607256243,0.222974723248766,3.95795352495056,0.518144969436877,0.474374401563539,0.586182112342081,1.5839328671526,0.415913240994881,0.549146099551258,0.804307686450463,0.528969496128606,0.468480425147643,1.34561017668944,0.702387313191446,1.01126435810191,6.73416693298659,0.222545618243525,4.2801514766433,1.45618126969994,0.291045398488578,0.696907343107724,0.358638651692833
error,46788107
