num.sigs,17
likelihood,79031.62
evidence,38866
relevance,0.474280313584815,0.00453926463912846,0.00453926463912846,0.419046480493085,0.279593506228264,0.229877903224707,0.358616206152511,3.14265992630232,0.00453926463912846,6.78984547472727,0.402152352019947,0.00453926463912846,0.210393360387851,0.255574608001319,0.00453926463912846,0.16262668979693,0.00453926463912846,0.274993573264143,0.601337370604369,0.343604898584138,0.00453926463912846,0.00453926463912846,0.706017579234423,0.00453926463912846,0.490672069045633,0.134525965262969
error,8915334
