num.sigs,10
likelihood,8710.321
evidence,-14877.84
relevance,0.00767459708365311,0.422919491855317,9.60426412891113,0.974528875790317,0.00767459708365311,0.00767459708365311,0.00767459708365311,0.00767459708365311,0.661108286345199,0.00767459708365311,0.00767459708365311,3.60125253057865,0.00767459708365311,0.395521179334234,0.757287701819988,0.00767459708365311,0.00767459708365311,0.00767459708365311,0.695364281701012,0.879321043447468,0.730782434423296,0.00767459708365311
error,246066.2
