num.sigs,63
likelihood,46746.99
evidence,87744.37
relevance,1.09055694552811,6.63621041470618,0.729731963547081,0.179396048723001,0.719593424863596,0.79748119614904,1.97967823412881,1.13365047116268,0.819665208521454,23.7930561204463,0.880959530062036,0.490577629156101,4.3541049054962,3.27678859990191,3.26310489797023,0.548547528313135,0.50318567372183,0.35144926124781,2.7284126583547,0.00775193798449612,0.298655706529026,1.04250260194663,0.403021859263104,0.495868915773414,0.685620765698632,8.35968843589419,2.66888205827528,1.78321986020236,1.04890286647475,0.44293792318545,0.231766184257061,0.608562945765704,0.547493946019991,1.03059459530042,3.82591851667399,2.07114549698141,3.97628362136114,0.237436200834873,0.621511010562351,7.23134773732445,0.502944160940177,0.309274740407573,5.88363506539519,1.30884046052308,2.4648696164001,3.75067666277439,0.747007021345542,0.262736300081304,2.93872710010883,0.427091247007336,0.706136063671893,3.10455685481763,1.11676550869271,0.25484655669515,0.875923896296049,0.81330716416468,0.460848330200545,1.90749308817725,0.529241540314065,2.70114779846487,0.205670430668428,0.657316578198823,1.66534388642173,0.907601719196398
error,32578219
