num.sigs,46
likelihood,43117.03
evidence,76060.46
relevance,1.11412554444065,3.70476480614238,4.16660102264868,1.11541786080886,0.846387648567003,6.04837955974335,1.03171464349527,0.793269051251924,2.0375822013503,4.68119779191146,4.71378332024987,11.3119571604576,1.1481074430117,0.724238476403976,1.54663510128875,7.33007059283311,1.06758354259788,3.61574712529226,3.30948628044681,12.8334127418473,0.595335843803958,0.7974113435787,3.01036788326341,1.25465686758216,0.889149770886736,5.90708234403108,1.67320859830477,1.26290316819116,1.72252037612722,2.94518752935683,4.23376500380377,1.47111244833264,1.45311314743657,1.39829266678944,6.43112137059253,29.3182782555044,5.4946541871176,2.79715610711905,1.19564934015762,11.2788078631894,1.39855303739115,0.880789854747059,3.94876813496521,3.72629516932774,2.6575779694663,9.84459785354978
error,40319652
