"","ID1","ID2","ID3","ID4","ID5","ID6","ID8","ID9","ID11","ID13","ID14"
"ID83A",0.00494379553180191,0.999988520923643,0.0354506427001398,0.00716655172286873,0.163024349066271,0.0273613281898448,0.0298279885593123,0.0295154877889299,0.0176498426263283,0.0197104320176392,0.0797279410415918
"ID83B",0.999990507533337,0.00530722191617139,0.0835703036851894,0.00470143959894376,0.0109709677470263,0.0388035078537022,0.0512623282043603,0.0168411081872287,0.0596242111089601,0.0231494810679986,0.451902150321023
"ID83C",0.00608243607897097,0.0431178095345363,0.199307875057289,0.111961942793239,0.939522474759747,0.0701672724375298,0.133357548586245,0.427145356087981,0.114956777759072,0.797382044861074,0.0512924660767947
"ID83D",0.0484105368568356,0.00720275747965737,0.104490706113029,0.041452000876474,0.226197095031492,0.367802922928386,0.990015483810185,0.140812873577494,0.0268918318435055,0.144284435151068,0.0515757607801405
"ID83E",0.00990871427082896,0.0116066208583812,0.985570201549968,0.0712309149181488,0.310904021337578,0.0576366760206968,0.0965081833983313,0.452223663409922,0.237768564449035,0.102804767058712,0.0258746591591553
"ID83F",0.015441696009552,0.00598004039630451,0.0513662106238654,0.0214191370534973,0.11186071732627,0.997928934729821,0.509334840851872,0.0880909009170439,0.00608618481897971,0.0474743143363168,0.0257496122834985
"ID83G",0.0280433029771788,0.0589415554461202,0.54815151644339,0.0460996144939637,0.529414551435019,0.112194253735626,0.140329224544778,0.993613654114454,0.0264335053433232,0.219301645293699,0.0672760001352992
"ID83H",0.0266817802647875,0.0132263748010497,0.080290311714172,0.986765041659164,0.271850448696734,0.0329300403287635,0.0529062657268025,0.0989433277449662,0.0104384076002559,0.118076643773512,0.0326739208462721
"ID83I",0.310749269532324,0.125598435562867,0.0508152133920974,0.0253112568285601,0.0630833570120609,0.0288795479488431,0.0368232895052908,0.0342120975541803,0.0366869160175459,0.0302199002120463,0.986904997709451
