num.sigs,63
likelihood,50715.48
evidence,89232.66
relevance,4.51101658415225,0.94525028744096,2.81665332550259,0.379883820887841,0.691060465393127,3.96247844963825,1.02006209704523,0.241067677006465,1.09685536127486,0.466466412636214,0.575122312036774,0.488410307721001,2.60347048166813,2.82446540628517,6.66543514962443,0.579068566459516,0.188241401432993,10.390517866613,0.00775193798449612,0.187623422524317,1.04963024493562,4.73290553774647,0.721145991364933,0.22275980851835,0.627962697219687,0.541925098463059,0.481908502640164,0.224799444290829,20.056800236269,1.89774517720874,0.54084166742437,4.00786228984925,0.236660819658005,0.302964974181378,4.30408430743681,0.953165567542816,0.514559618755653,3.09142984110354,2.65182900819954,0.796525252495655,0.203930369206881,0.882425040031559,0.481882988563005,1.37993264253078,0.71140494307171,2.03579723765238,1.90038826671402,1.60431453806649,0.461540552375564,1.15423342876418,0.559633009619385,0.291928497003825,5.1976179083162,0.420997277269519,0.593535387096335,0.473558269558622,1.38240501403923,0.567432913576042,0.318201707399648,1.0560630162355,0.267754569540995,2.23231793057012,4.28517959709799,8.44650130743255
error,51660755
