num.sigs,11
likelihood,12996.71
evidence,-53736.04
relevance,0.00453926463912846,6.48340006663489,0.00453926463912846,0.515535784606932,3.20220931880246,0.00453926463912846,0.569979838371267,0.00453926463912846,0.00453926463912846,0.00453926463912846,0.00453926463912846,0.00453926463912846,0.213274847350974,0.257481647504846,0.00453926463912846,0.396554711065129,0.00453926463912846,0.424487057332763,0.00453926463912846,0.00453926463912846,0.496173895958737,0.450360867619541,0.00453926463912846,0.276728397543244,0.00453926463912846,0.00453926463912846
error,469904.1
