num.sigs,62
likelihood,50410.65
evidence,87484.06
relevance,2.98446096263787,0.569754413891347,4.36950565410667,0.543684099751493,0.734131529159379,0.426634325636948,2.74417308028163,0.55784181589805,0.470009009905192,2.11192514580864,0.238334387571142,0.313104399202392,0.574252970815029,23.8219112610254,1.77824193542736,1.14432969088825,1.11193287372419,0.869400322808691,0.553562935835939,1.03917996723647,0.73084370055369,3.80575255285925,4.19001529940165,0.961957014005396,1.64487080310322,3.96672425579134,0.469927494028183,0.849254403076562,1.90769580820855,0.832153003046847,0.252306930716747,0.455715128267792,0.523175987276503,0.543617820012181,3.33144249850665,1.01999384645771,2.95103036527853,3.09303101309829,0.664553573421996,0.00775193798449612,0.158098844698814,0.42812205154439,0.574321046975753,0.521697692722152,3.95874638041822,0.636819508027479,1.11874704670392,0.222608662940395,0.225565564558484,8.40088447126695,0.00775193798449612,0.667240854305343,1.65751588069727,5.71673921655338,0.259579199676075,7.43726879364019,0.696627068725266,0.186096706384166,1.24835716834374,6.75869089697637,0.529709706749006,2.27720953943299,0.351222940059747,2.58549760394256
error,41634306
