Approach,Noise_level,Run,PPV,TPR,aver_Sim_TP_only,Composite,N_sigs,FN,FP
mSigHdp,1k,seed.145879,1,0.826086956521739,0.992990191254575,2.819077147776314,19,4,0
mSigHdp,5k,seed.145879,1,0.869565217391304,0.991903433957431,2.861468651348735,20,3,0
mSigHdp,10k,seed.145879,0.954545454545455,0.91304347826087,0.986766642416891,2.854355575223216,22,2,1
SigProfilerExtractor,1k,seed.145879,0.941176470588235,0.695652173913043,0.972998969714019,2.609827614215297,17,7,1
SigProfilerExtractor,5k,seed.145879,0.944444444444444,0.739130434782609,0.972878657794716,2.6564535370217692,18,6,1
SigProfilerExtractor,10k,seed.145879,0.941176470588235,0.695652173913043,0.974588283124051,2.611416927625329,17,7,1
