"ex.sig","ref.sig","sim"
"ID83A","ID2",0.999995256601189
"ID83B","ID1",0.999986195820886
"ID83C","ID5",0.925937869156342
"ID83D","ID8",0.99081398473849
"ID83E","ID3",0.993192977314947
"ID83F","ID6",0.999027166344846
"ID83G","ID9",0.99156803236721
"ID83H","ID4",0.992155135487143
"ID83I","ID14",0.999569140090101
