num.sigs,46
likelihood,44184.07
evidence,76882.34
relevance,2.2882437748423,9.21717740644868,2.40680501443865,0.73970877620569,4.01194189945426,1.86070855896833,2.40962386287691,2.6085535976531,1.200565562605,7.47354720850486,1.63812096610159,1.43305341318277,1.46532469002026,1.3780592244898,0.887142398916662,0.852240711099529,1.67252460867088,9.22495511048335,0.814593602645394,1.05134031466996,1.3985287278145,1.20869651312075,3.81571406862661,3.57584615205856,3.51908009556886,2.65985574662612,0.856389208419786,1.00028756180601,1.35472519142656,3.26840002969926,32.0911011747739,5.95466667007589,0.706159678941605,11.2643189526493,8.15660221271828,2.10833647161581,2.29288638845083,1.21340350558732,12.5862408409556,7.05217637100055,4.78023919702797,4.39805552197851,1.79896753121226,1.18788284583363,4.68287685627498,0.933861742975858
error,40419259
