num.sigs,11
likelihood,4856.341
evidence,-16685.76
relevance,0.695519954756655,0.00767459708365311,0.911733353787468,0.00767459708365311,0.37421657694975,0.00767459708365311,0.00767459708365311,0.727743453922108,0.00767459708365311,9.60418018968121,1.01916190453706,0.00767459708365311,0.19334822162144,0.00767459708365311,0.758187550544066,0.00767459708365311,0.374750266773964,0.669257918071893,3.6004749314358,0.00767459708365311,0.00767459708365311,0.00767459708365311
error,146524.8
