num.sigs,46
likelihood,45267.07
evidence,78312.56
relevance,6.04170542460214,0.86090441751924,1.15157683738797,1.18935378805966,5.33398311731286,1.83571131786809,3.28339200839559,3.64087060315816,8.76417589061793,2.21244454340412,1.50982868720243,3.76802757579178,2.34958693307153,0.821268119918485,2.21938526367174,0.7560166644493,2.54556473918988,0.47377005463956,11.7660437906893,5.02429025534755,2.39593804734613,1.98246434221379,1.46594292860652,0.794636029013395,8.45067521619517,7.02502707732359,1.07609474301545,1.28931207942046,1.49023055074304,3.85339880571431,4.68081833445691,1.45776941279146,11.0582186390967,3.75672893175601,2.51397089919835,1.4579192430648,32.1677008962535,0.760744095906706,0.816132500334736,1.93496651938297,1.76647639344338,1.37983282810168,9.07307830742648,4.82020505864283,3.84432272694874,2.14156971764695
error,42172009
