num.sigs,62
likelihood,49359.72
evidence,87642.71
relevance,3.92474791526319,0.43043465941159,2.32115867210557,0.967899906557871,0.305950590933188,0.29735338457149,0.383220654815901,0.694511919591336,0.523282654327019,0.455757185043235,1.15524404850426,1.38078315410092,0.544012715485791,7.64480839837412,0.213474861421097,0.840899651145606,1.35673590590775,8.52880963949069,2.83639397627289,0.512452284171989,0.55129409101237,0.633639798726847,0.486578214380583,1.71978984383308,0.487447568618896,0.552746400843737,2.59499072400253,0.00775193798449612,13.9921644952258,0.863251485679008,0.594145269095629,1.03447348314821,1.17956388003807,2.09845108262756,0.731713969380657,2.58577197454592,2.79491775791851,0.662740723413483,0.452792431505887,4.14979937780441,3.10475095985138,16.9601025578567,0.24165567078149,0.717937488576322,1.04369064833164,0.00775193798449612,0.445951192246511,3.92914533603599,4.09154615184287,6.89136103191813,4.38991590237514,1.88363258981599,0.528397263112193,0.158065447775954,3.28519739591733,0.687733463314865,0.533566804088149,0.442600421717843,0.4278053004558,0.202578518781391,1.93249864873486,1.0190162542327,0.931903088755485,0.532544842266414
error,36721581
