num.sigs,46
likelihood,44096.27
evidence,77463.26
relevance,1.51312195972669,7.29557243163162,5.82556682734942,11.9796501289283,0.740413875370229,7.06236742173263,0.765395711949106,2.13283975006534,2.00982694777239,4.19461086904379,1.7250927639945,1.23081369742206,4.16643716629102,1.35490499035852,11.5725129056524,3.4151182000388,11.2782076368396,1.25495589554958,1.32205986788433,28.2948844934283,0.859934907483191,7.54581427181176,3.73708209659749,1.28032739873692,1.24331720169523,2.23165641104272,0.72091065462236,1.06569655925125,3.34198970199286,10.7565687493005,0.809931180673167,3.28849248208202,2.35027219202232,4.22564083840305,2.9182425187749,1.23001241569685,1.22413664767655,1.253871756902,0.893891634620715,8.68219612329121,3.1592058742068,2.02500978029682,1.53585345558022,3.87708874940845,1.24757820878391,2.60238962837018
error,42042611
