num.sigs,45
likelihood,46363.27
evidence,77210.29
relevance,3.49951556622258,7.0798425766414,2.48355739317708,0.814712709686805,2.75649802075438,0.459273617144473,1.39049698942424,2.5731020496451,1.11028965532831,1.34486770859922,3.89150045206834,1.2823580656026,1.2321948137612,8.22986314473421,1.32654910963295,6.73968249923783,0.795791675269478,0.868581583172404,1.80538464993238,8.72473196768394,0.844013987464149,12.2841352524494,2.41779819973296,2.5476939243697,3.79459743479728,0.0133333333333333,1.06810525888389,4.42345051130319,1.23261175662672,2.32962263843216,11.4721291433612,2.13054687307413,33.431261212929,1.69515921223468,1.27473003324633,4.11285512637403,4.06020149804448,4.67434908637117,1.9014745226107,2.47494536411429,1.32142989514107,5.9067840331879,0.73470823824497,3.71938662960169,0.732972470150081,7.51908880623283
error,48966113
