num.sigs,46
likelihood,45125.65
evidence,77298.84
relevance,1.30845318246987,1.27677367499117,8.81032837215062,0.772525830051692,5.91466697281581,0.876569651631663,1.33980459370775,1.31293275657424,2.54734414820467,2.25584120236316,0.989728563467502,0.85778435926184,2.49635883550141,0.729504823127916,3.86523880660561,4.25923928511779,1.25585524391152,0.829873196848456,0.723826422538033,1.38934816916624,2.09736709653264,1.43845956383592,11.5818892840281,4.44620610164446,7.1695346178297,3.7061896973419,1.72695818165596,3.42965298434085,0.87180220822091,7.52273217926425,1.22658418582596,2.31873004392732,4.6774069591138,2.62927139130251,3.50059429903801,1.15644573451534,2.132696965137,2.2051528520591,8.81501988160463,2.32948527294928,1.14405188219291,32.1743810828998,9.25585263670233,3.85063111835323,12.3868407964015,0.338559667552875
error,47222706
