num.sigs,63
likelihood,50184.87
evidence,89493.46
relevance,0.524961604796179,0.626194681000932,0.571462435287492,2.79114433581865,0.810057912224955,0.547023347638729,0.997937719826221,2.48058824613378,2.82925455071417,0.960987420670657,0.362717148022911,0.55201307712393,1.88408592728671,6.91803553115077,4.30021655813197,0.96870309051002,2.05558995038922,4.43712116814555,1.34173510759829,1.04537142351269,0.314209544426971,1.57121855417283,1.04297480867365,0.33425446507852,2.16817706053753,0.505663962609234,2.71556543225291,0.216518276113552,0.711051124243806,0.314602757300765,6.69511211332087,0.459086904691605,23.7660089773764,1.87066558503096,0.284610407831178,0.316339450332377,0.200996694397013,5.89983596851994,0.434084513429909,0.408286044788165,3.6639696990208,0.493482609371344,0.247890554843873,8.46578609859042,0.476753026350362,0.572094583890291,3.09315203740969,0.00775193798449612,1.07579191177095,0.684337170511099,1.98239921229923,0.802477292841843,1.07920797442102,0.694741570937421,3.92715886248275,0.254754064022701,0.228484062872451,0.568655837024286,3.9058401053669,0.188214780043837,1.65268565778066,0.556878473727241,3.50076517029866,0.502486555026284
error,48790738
