num.sigs,62
likelihood,50697.44
evidence,88448.24
relevance,1.65179953613249,4.04074261698859,0.579375630991134,0.61843870219867,0.00775193798449612,0.163673154316727,2.86370765019716,0.485154957379242,1.56476178604092,0.772846300297067,0.584047447410714,0.468809486401957,2.40602341760169,0.294723850783377,0.732276081740326,0.208472954041479,4.39767364833053,5.03214596895541,9.69198394976793,6.67856913859522,1.14491069694462,0.475855728426313,0.22572806806767,0.555114517746362,2.50730987148365,0.509419517418911,0.811646151803086,20.3644233163867,0.20659498781799,1.34224618152185,0.543471557616423,0.00775193798449612,2.82556826382984,3.98159754998594,0.221059588334475,1.20378615636568,0.731233015051323,1.45713051895987,8.33435041444053,4.12201900935075,4.21895514591826,0.804105598639107,0.467018968693196,0.968019374844465,3.15363900497083,1.7074728105537,0.262901919558585,0.558796228127811,2.56536638838087,0.912375462622543,0.841384022264392,0.682018460631774,0.510489714294805,2.10346903038095,1.03387526545988,0.344168840961661,0.707243155560338,2.05412149253903,5.7774351205658,0.290011677409253,0.77020733585512,0.431493457446148,0.793441184419244,0.263310580059727
error,43371982
