num.sigs,17
likelihood,78884.76
evidence,38830.58
relevance,0.00453926463912846,0.688216614501237,0.00453926463912846,0.336614445151882,0.00453926463912846,0.490274171658464,3.13652225817308,0.210224647990202,0.00453926463912846,0.40217304732714,0.361462570995539,0.00453926463912846,0.626872491396814,0.266689517673309,0.00453926463912846,6.78823336406506,0.00453926463912846,0.275231250405041,0.161320956340388,0.149874038881087,0.273232320991877,0.41912522512364,0.477512791370164,0.00453926463912846,0.22400988293134,0.00453926463912846
error,8844403
