num.sigs,46
likelihood,44046.81
evidence,76517.02
relevance,6.29742861007819,10.5654335417675,1.08406143015701,25.3845936532427,1.09094321388072,2.48970549112786,0.859313414344074,1.18118541646071,4.65767197118278,0.908908692535002,3.37345082779615,4.2682460791059,1.66831807984119,2.61708123900592,3.93191374971829,17.1516269845234,11.3775904163003,0.326250830162821,2.13121775933349,4.49506207441019,5.30157376488339,12.1800666610968,1.18306076085309,1.2251305583443,1.30822439701441,0.739555187895324,7.47981650181675,2.87967625585031,1.18996732121117,0.839564816692636,1.20762701093651,4.75926910906223,1.39725003695654,1.2074784898281,1.39824473817216,3.56203006088865,3.04415745835376,5.74498548961553,2.63625188466187,1.40401577842802,0.794146523576896,1.79019021185743,1.48969200800224,1.62649864092375,1.65167544005537,3.79141576059904
error,44939104
