num.sigs,63
likelihood,47528.23
evidence,87393.44
relevance,7.09857759172268,0.480493366206299,0.671772952630143,0.718250759946867,0.522833879891113,2.24798537994695,1.19613348016722,0.463452789368279,5.77357023077437,0.562855511061468,2.89046725668842,3.98555933531604,0.480379929808393,6.70835497955126,0.588491722287429,0.557617716635047,0.223998867171308,0.822354086394352,3.87001479986386,8.42807503757568,0.937619945299812,0.70976133575488,0.359966332305661,0.00775193798449612,2.85561377763572,1.85107456591916,0.243460775704909,0.314748339983419,1.64105316304806,4.03862236823021,1.09541832447589,0.784616659130904,0.472669425196368,0.51122399331683,1.12355357234297,1.04539142681749,0.706462916866821,0.26860806754112,1.6381381344071,0.29307724637706,3.42080900970828,0.442814721486783,0.267049627734959,0.231703010189993,1.89820037076901,0.565613293110395,0.821424089897334,0.508350090725205,0.185381165851835,0.896073141758039,2.56802733363746,2.07678059205457,0.423455570188544,23.7911258698493,4.39945409457711,2.82520942552351,3.08922664791078,1.14192177738328,0.443575001526473,3.98054526085988,0.785998487999335,0.313933670636344,1.03260672076128,0.533500927203697
error,35382250
