num.sigs,46
likelihood,43460.98
evidence,75970.88
relevance,7.31829383781459,1.40088919227762,2.52356433304357,2.54170192340346,5.62477889264188,0.745067397187079,1.22843182523064,10.6507695647063,0.730271720590791,1.3900118859837,1.20430125600704,4.02978964766579,2.31744696386612,2.6089882419005,0.866390309603616,0.904031772431705,3.2949603964628,6.11275323157725,0.388143554688,3.90419511825509,24.7033611966504,12.0970957396917,1.79790152995692,1.67717031801008,0.742883170356991,4.67126556603468,1.16111356840992,2.55466423429318,5.81079910868898,1.64478200819243,3.38204707213353,1.19750380212075,4.67647059731299,1.42807741383566,2.14960910000007,1.12390901712158,1.33549218759971,4.51001493561252,1.10985858554063,0.863150827388667,1.74579353437658,7.47951366545957,0.862128440206363,2.36268085206373,12.0937022245116,17.0526663888343
error,43111751
