num.sigs,63
likelihood,49943.58
evidence,89485.67
relevance,0.552521227157327,0.912945268966804,4.33813301163364,2.09336779565445,3.11842662468016,0.159839048355566,4.00970029328549,1.89788858221328,0.459167213365531,0.691937858448925,1.11548606420352,0.673002546354164,0.00775193798449612,2.8185964061136,1.95141913450905,0.222593352906484,0.264514228602798,0.11692190157578,0.535159711411172,0.722942215337335,0.445364663805076,0.530843265143071,3.83125800143359,1.26323623782629,0.37712754131869,0.121239333209239,0.874260698519188,1.54103517366778,1.61056145694748,0.225916637987412,14.4568283495513,4.70498554153135,0.450874406677575,0.872469718028793,1.2851639383617,1.16310414416708,0.248314163153337,3.93243681958307,1.09421657759004,8.26699090810183,1.21470655862646,2.76607457296325,1.81044906820971,0.728336239156167,0.837046087082569,16.771378465419,4.28894732453104,0.588525178711437,2.52132189202023,0.397407828274217,0.226498826402937,1.03317679172044,0.240542754482635,0.554625374210275,0.517505187586697,0.638598738962571,0.448831394640977,6.73157532029674,0.782973932348759,7.02382822209746,2.0333843828723,0.665982922876781,0.40303955459842,1.07658009502874
error,38793276
