num.sigs,46
likelihood,44982.32
evidence,78227.86
relevance,3.86413568432708,10.1117870554326,1.32703293071381,0.462998651608149,3.72290854218907,1.30184160147116,3.62861030721681,14.6618983361953,2.13126484875037,1.25475420560464,4.90871529133397,1.4185985826361,0.924164042690065,3.76093444719607,10.6219910444869,5.49718936513749,7.90544100287002,6.3293973350842,4.29649935673827,0.790127219415061,1.73262965364809,2.38490151664423,2.58076291585956,1.39876475792378,1.28283866774365,2.80665458794614,2.71408118771856,0.734848931231706,2.53991663125032,1.86515858196833,0.771802484087381,0.795671037438047,1.72498710113583,3.28037657155806,4.11049980553125,1.08822154961014,27.4759540368145,1.25373457256924,1.23541849185995,1.08796459378509,1.23470860325852,4.06556950143882,6.00388284264252,7.52094357933726,8.34845036850824,1.21891850118002
error,46263095
