"","mean","stdev"
"averCosSim",0.992723140388149,0.00106344345722538
"falseNeg",1,0
"falsePos",2,0
"truePos",10,0
"TPR",0.909090909090909,0
"PPV",0.833333333333333,0
