num.sigs,62
likelihood,49655.6
evidence,87297.83
relevance,0.369344350120993,0.915310966569435,1.33459194069444,0.73240836242647,0.299505300440136,0.638304314658115,2.88425210179181,0.481204190485937,0.259711777410159,0.787859124768642,6.80245217869336,4.38579600341957,0.225711736523211,0.495878001325879,0.117996848936904,1.89823686111759,2.08485889977449,2.58055813100451,3.08004003033742,8.23434884971246,1.6315938375227,0.174106808218875,0.00775193798449612,0.463790064974841,0.298298745218402,0.409128669597559,0.00775193798449612,2.46970604509782,3.93389806308373,0.811011651129703,1.15729723471609,1.64904650512036,0.601585828538357,0.423256629343581,4.00480647194775,0.889601872227439,1.271199899246,0.78444319291188,1.71166975153239,1.10081878106346,0.501712922011042,2.8302857509477,0.73794966938695,0.695930695501437,0.553639931026889,0.555544138278568,3.90901878967335,0.801318754676839,2.85983747250966,0.232549137061062,0.346201971540392,0.600745700761819,5.8009544156854,6.86176453734689,3.39152485780551,0.478516394707594,0.7278313250307,0.396985353567276,23.7772551307593,0.547068873549813,0.599556146121036,1.15993669131361,1.1805349985239,4.04507793845289
error,38231871
