num.sigs,46
likelihood,42889.34
evidence,75853.78
relevance,0.841167418602573,1.13324876082401,4.99560971430029,1.08316771743878,1.21649866864648,5.97828778206763,13.3689976668811,1.56186016755593,4.23505946903212,0.967182907290149,1.15916686097614,1.36317815730013,2.96057376532423,4.19199746716129,1.38268254571913,1.51753220141395,0.490214745858516,2.62096335660413,29.5273674274365,1.71334536006371,11.5527449684265,1.50781460269805,3.37564278192728,0.918335092550416,3.52923767274171,4.58427805429843,2.35992093470859,7.68281008584551,4.13610115262546,5.80211494611372,0.792894334753954,1.79513514418459,4.01131999489935,2.85430048973007,4.20099337079987,3.1556320899839,0.72226622135805,1.20729158456847,1.84572039659161,1.2296375776393,11.9234644234067,2.13623656424919,3.41455885623305,1.56057723664794,9.91521148039151,0.841759184931928
error,40626505
