num.sigs,17
likelihood,79072.6
evidence,37963.48
relevance,0.564028526444437,0.838249748474059,0.489680823543388,0.00453926463912846,0.160301572115616,0.332646752520578,0.00453926463912846,0.149888317441204,0.00453926463912846,0.00453926463912846,0.00453926463912846,0.355126472812153,3.15585266446367,0.00453926463912846,0.21027579032914,6.77628763447769,0.276010177989704,0.485126165366615,0.255544519248011,0.00453926463912846,0.103621834205282,0.40295743539411,0.218130904757232,0.00453926463912846,0.41968433196126,0.00453926463912846
error,10113833
