num.sigs,46
likelihood,45626.33
evidence,78124.92
relevance,2.52670522399437,32.6227136466011,1.82166705324196,1.70074925412863,1.99646017854955,12.0166620705962,3.64433194675732,1.5652973600904,2.51872562572292,3.97030436872556,1.2251246022295,1.18451776323462,0.829453939575577,0.458681168500297,0.749589572023211,4.44129412621309,1.79701303118601,3.89423969504789,1.12255126721035,5.49608236658158,5.26523960965291,3.72436157543756,2.14279628281257,7.38692400620269,1.11684267112748,1.18166034151369,1.36737122176185,1.50291674129306,6.99334720807802,3.29789360568559,2.61443901556661,7.52407344466838,0.891904726352826,4.60845362383401,5.63904616434726,11.609262871475,0.75255119444388,4.68753468458711,1.27687769142073,3.83617149375768,8.66518716724255,1.78541135696605,1.27605220280543,0.384345118897294,0.915848587137234,1.33366494183621
error,47627625
