num.sigs,61
likelihood,51690.04
evidence,87804.6
relevance,2.48106379668243,2.33133499560688,4.28035214461431,0.569759332779357,2.94614385513699,0.322769736342017,23.9236919828453,1.81363904947814,0.515172536814664,0.116119994312322,1.10182864669898,1.02606151839175,0.552790281301016,0.466375613300157,0.611743622293862,0.834098476648834,0.454572881556447,0.488549218053853,0.947106571900566,0.284826032611115,2.90713218288505,1.64643783941346,0.511841040635795,4.34663704330235,4.09450255908018,2.73508525454654,1.07503299698278,6.19467162706047,1.05837810168357,1.4395769750999,3.08858710010132,0.863996312367721,3.95688533013655,1.65336525705537,3.49863862323913,8.37929903386217,0.00775193798449612,0.512046256558497,5.75885966772982,0.241862587966565,0.583644497339046,0.817628551948492,0.40789722408598,0.441321086808323,0.532950506886053,0.202142499507725,0.938389441149895,1.37436541171098,0.358844347615469,1.1754605777973,0.730348489529408,3.91461606482232,6.70051712323529,0.00775193798449612,0.00775193798449612,0.238040872436884,2.53016902430743,0.647566341150201,0.693692762935891,0.572865299050734,0.631238947807843,1.49047601945279,0.517457769734309,0.716198567355641
error,39589541
