num.sigs,46
likelihood,43099.94
evidence,76372.97
relevance,26.5309151235565,1.639989173982,4.93328212950286,4.73764301611632,2.30681109055634,1.90035211465421,3.75225083442254,0.469645393177162,1.24931661850981,1.357112388432,1.38295880799025,1.18415676388317,0.817632791480568,3.61089116619272,5.53484432678348,0.979165714851942,0.844440361131242,2.46068269966047,5.73796876190299,3.73188988969293,3.24505997189322,3.78590089821864,1.20427844464292,7.09833159945408,4.2008587025271,1.66272052710133,8.97599477864525,8.74669994299543,2.22190240023925,3.06735748470417,0.669969405153621,0.730805039559596,16.8863594941059,11.7830932000825,6.11165001009677,3.4963728251091,1.09621965979948,1.92906784790983,0.990253562459253,5.59814699868722,1.54924695720327,1.40283302850897,0.857857905023758,2.3326269870387,2.61767109973793,2.12721403288022
error,35137507
