num.sigs,63
likelihood,50765.99
evidence,91093.91
relevance,1.36025070664295,0.296496666117554,0.984558561100172,1.10742880077067,0.516733873699555,0.549817915898528,1.48544369642159,0.406690563118057,3.9910943958118,0.942036642138289,1.05250602144035,0.294626861274934,1.72040271263281,1.30789924911307,3.30300005379223,0.68955733099079,0.651376318899812,2.99802541007891,0.00775193798449612,0.319926062106646,4.47063899736506,2.38378133826186,1.70184761274136,4.33950131867117,0.496441887162349,0.251252140185335,6.03096499007826,5.66753085378575,8.25841124686963,0.163611665068617,0.683889627739582,0.943360817908935,24.0064420739924,0.737439649975876,2.4978298217263,0.227029252709752,1.50405622870256,0.851257638239494,0.460187463374663,2.8243767004962,0.535614285600626,2.62405240303526,1.63430029634805,0.956572717730456,0.534495932420471,0.519974731725201,0.353836125114085,0.811511935401862,0.450776508529896,0.829529696559319,1.72908091152311,2.71758161750721,0.501531705286333,0.221339565476103,3.35772909557735,0.635662508640226,0.50614704937884,0.287482872138724,0.183597071007504,6.4640931568955,3.13412677846207,0.578288546901298,0.240999056942366,3.88876102076144
error,46207207
