num.sigs,46
likelihood,45293.68
evidence,77522.59
relevance,1.1321212106527,1.27019486402027,1.15742144304984,1.84855022939526,0.728639578197093,2.74149206924517,1.45635720759366,2.1261679047729,1.37228597895933,1.05825392472112,1.43156837220751,2.38820462760479,3.72128891920437,3.89810382858159,1.19649036137933,17.638880443747,8.92082092381022,9.43697009145123,0.863377566110305,1.76632169734709,3.42160038224365,1.18577187102204,3.44962071709998,1.06455734149234,1.52086302157006,2.01755691752287,25.6778628441927,4.68266940449242,0.907775895392329,12.2553734128221,0.815203834679815,4.17527453550785,0.472324344024487,4.86302480756036,2.48316420669898,3.31288950410896,1.31236943487499,7.47153314960664,0.973760719040109,7.50689572468121,1.35695707719565,0.820719910905308,0.73544900021548,11.2218760583655,3.84563844747242,6.01266197412893
error,49611875
