num.sigs,46
likelihood,43603
evidence,77033.4
relevance,12.2057773046709,7.10076537274972,1.84341841548551,11.9444678014831,0.68345336495888,1.63081643140253,1.17107137468426,4.12759665911379,2.66956249349515,2.54834600623316,1.5387878151102,7.72362372653395,30.0719026087998,2.57547350299056,0.879857665021523,0.785549594224255,1.36056321762843,9.74084452962978,7.11170804429166,0.694624314586147,4.21696534330049,3.23116331340185,0.739419431922548,2.09536563200221,1.68598211425134,2.50164620606435,8.37813900168488,3.68634432814359,4.75188283617661,3.64327764800218,1.2796088394659,2.62405951809544,6.95925352605441,2.28080351755,1.05537828109788,1.44973288076137,1.33679780478522,1.64709479093886,5.83245523200608,1.02825353478769,1.51569941788512,1.29680370133516,0.815866979389056,1.47795555085414,3.78946756198393,4.08571930923595
error,37776316
