"ex.sig","ref.sig","sim"
"hdp.2","ID1",0.999947912190569
"hdp.1","ID2",0.999480103392354
"hdp.6","ID3",0.971650059658597
"hdp.11","ID4",0.995299733268913
"hdp.3","ID5",0.996741188582119
"hdp.5","ID6",0.998799705943789
"hdp.4","ID8",0.988042850966396
"hdp.7","ID9",0.999678440259293
"hdp.12","ID11",0.976932738299616
"hdp.10","ID13",0.997761660449042
"hdp.8","ID14",0.969836266464979
