num.sigs,46
likelihood,43914.93
evidence,77289.13
relevance,2.45520911657644,4.63998127197673,1.14038066562575,1.19673267697478,7.44441688924245,8.71917810101855,7.03356220226921,4.12073068313005,2.30625598646894,1.71134176562017,7.39707850080301,33.0056153712362,2.64067354177924,1.96576495626869,1.17035958537688,5.39982453006063,1.88366005779036,12.0304139292425,3.7230647911894,0.762376606723256,4.68992657560968,0.830564991331876,0.469572790981663,1.34392458749343,2.59666903096324,1.16504017960174,7.25289511454074,3.34142378066751,1.38250744884303,3.44734074150509,5.4652778996767,2.48220844228319,1.35148945275425,5.20139283818218,3.68779920182861,2.13250047861898,8.78710228688037,1.72862145173726,0.986291554634889,3.41279259009979,1.23831313433431,2.42813152889411,0.726389854718568,1.25413882260215,0.841565435888205,1.04470907523601
error,36145257
