num.sigs,46
likelihood,43218.38
evidence,76654.79
relevance,1.75852631051535,5.82650292557729,3.40794149464339,26.7601634247064,1.35078451212751,1.66762290546791,0.732010772427548,5.62027857554628,1.72046510263099,1.19667315642052,4.63888859006928,16.0556216466916,7.59638873670955,1.24221891113735,1.72530194520415,1.2702555264423,1.12445369046765,4.06658204803669,0.997828236873665,3.48161878721413,2.11298242806731,1.87582238690267,7.06034268917273,3.65147110565861,3.46263985021323,0.829530231326061,0.877948419972889,0.768075798309933,1.2662446047816,11.2154179530345,9.61529420839285,1.37619556771251,4.28374573729426,4.26469378978834,3.04890863705049,1.21019592618112,2.36831473247062,0.838775873288311,3.5663309303326,1.7230636738716,0.962594702554481,3.69320781764944,1.42164003456053,1.37308888629775,9.96919814574632,6.02929185378203
error,36069125
