num.sigs,11
likelihood,13016.15
evidence,-53780.18
relevance,6.48330898144884,0.265477682482016,3.20185834625786,0.00453926463912846,0.00453926463912846,0.395801907804202,0.24179175261762,0.00453926463912846,0.213299711279252,0.00453926463912846,0.450292467205994,0.495422585416976,0.00453926463912846,0.00453926463912846,0.514441177405967,0.00453926463912846,0.00453926463912846,0.00453926463912846,0.00453926463912846,0.601040664938662,0.00453926463912846,0.00453926463912846,0.00453926463912846,0.00453926463912846,0.00453926463912846,0.42418625427331
error,459407.2
