num.sigs,60
likelihood,51779.86
evidence,85830.91
relevance,4.37830368607774,0.458767045543319,0.803328267812867,0.733092546142781,0.00775193798449612,2.08008429253845,0.00775193798449612,0.224711776238584,0.8332350484957,8.15092263078006,6.77999268362072,0.00775193798449612,1.04019664164694,1.89565969638282,1.5852060129658,0.307106018937293,0.546507613764253,1.13455449036159,0.177252110536314,2.60184826933856,0.238342600005509,0.564649101972482,1.19351786834724,0.575129348817715,0.562805230526164,3.07880138873467,2.87806137251072,1.03961178512507,1.35727439754259,4.17000960525003,0.00775193798449612,0.56581162499222,0.915328095654779,2.53987289677295,3.98737152693806,3.91591879088665,0.663682019146494,0.934421494245578,2.80418173974931,1.47962894471608,23.7966957732192,0.298085294319413,3.36820805659037,6.43206978040377,0.723871771288858,4.13447323475101,5.74607318292502,0.699805062348013,0.294641675091149,0.735014526713681,0.526958528536403,0.443863713572873,0.506052833781464,0.652308558456924,0.574115383076418,1.68432585139733,1.72277069950743,2.81166907966048,0.299253978693925,0.489633628135279,0.813248059657162,0.82671864093704,0.432793814420105,0.607605135682037
error,39292122
