num.sigs,46
likelihood,44196.48
evidence,76077.77
relevance,12.1363582809591,4.04723161968021,4.98347940699319,0.746456382256841,1.50645819831917,1.65476682698632,0.873035189222623,0.795027251495525,4.02904161216487,1.19241349302392,2.8219418579483,5.77327731331622,0.833373749511646,2.9765360246069,3.49042258705443,1.70471284679557,2.67778225140691,2.44730732549559,1.19577243144915,2.04070498810417,29.6520109447329,5.86705032109762,9.80459201158011,1.3827215150596,2.3631469501046,2.50509158710447,2.12367141132377,4.65642430742235,1.81965614037093,0.488527221329135,13.4574817705054,1.09842093274804,0.505509776331485,3.73574842836097,1.13872237802833,0.655572372911446,7.10715447334611,0.801637020218518,3.98679487326844,1.28398089063197,12.0654292650689,1.59686618723683,5.89870679546662,0.324395772464706,1.26525023997496,4.33366679144831
error,40129828
