num.sigs,60
likelihood,52435.52
evidence,86763.5
relevance,0.00775193798449612,0.590829413551928,2.82325245555814,6.23102190451271,0.23900288573161,2.54856362333441,0.348059468998637,2.34049634235851,6.85784801246261,1.42386401398374,0.631375168716749,2.11347308195429,3.28726601015324,0.79040711032175,0.00775193798449612,0.00775193798449612,1.043235280117,2.91239844824674,1.56819116918674,0.00775193798449612,1.84065240362446,0.512447638132118,0.630452756651507,0.301851116993229,0.601309309070043,0.3138203268387,0.399365845352823,1.06773451670672,0.528062079255789,0.552282928845674,0.794927625062839,3.2052822589201,4.40318556575931,0.480290619719436,0.212022987387528,3.57180177435042,3.10057072733498,1.67419523433839,8.44446704371476,4.12350749466967,23.0268690606591,0.482140845481128,0.53059848486247,0.927549431771696,1.11355710324503,0.517019434338157,0.792856949361458,0.663336847050167,0.33211387608988,0.727501109048184,4.04582451560448,0.643263350066463,1.60191410727555,6.52321854764625,0.68826910636313,2.16586936916877,0.196498961315461,0.892578629424868,0.479915555571827,0.559577882689947,1.01559445181938,0.554351439708743,1.2235503883769,4.24927272460084
error,39854085
