"ex.sig","ref.sig","sim"
"SBS96A","SBS7b",0.917757585519895
"SBS96B","SBS3",0.91523557311115
"SBS96C","SBS2",0.997375303722464
"SBS96D","SBS12",0.910528660244804
"SBS96F","SBS44",0.982910081481982
"SBS96G","SBS4",0.918925253832193
"SBS96H","SBS18",0.980618556439939
"SBS96I","SBS1",0.998659469905373
"SBS96J","SBS17b",0.999913312968211
"SBS96K","SBS7c",0.902862304894546
"SBS96L","SBS13",0.999813128969034
"SBS96M","SBS17a",0.999598874182934
