"ex.sig","ref.sig","sim"
"ID83A","ID2",0.999284254554786
"ID83B","ID1",0.999868102184859
"ID83E","ID8",0.989464171199288
"ID83F","ID3",0.978130562395382
"ID83G","ID6",0.997374425484122
"ID83H","ID9",0.993044904195554
"ID83I","ID13",0.989861671123407
"ID83J","ID4",0.990149022508934
"ID83K","ID14",0.98228980606654
