num.sigs,46
likelihood,45030.19
evidence,77476.18
relevance,1.43589135968755,1.06439776412399,1.62270060694731,1.36924395523602,1.25213574462523,2.27751265045697,0.995263944000033,6.88458097219674,3.21536935403,2.87985278017304,1.81542582634478,9.77723400657522,2.63087830166844,2.32605253886578,12.4552071375644,0.812986311801265,2.24406830198837,1.00908372875539,4.34578994719541,11.919079469247,5.77323761184436,3.22153732741668,0.667606034644991,2.31827138486157,1.3009457921536,1.38712701446335,0.800338130025381,0.829387791741879,7.5123876492213,2.12874628493958,4.43590771582481,1.28246149538169,1.18966402594254,1.3147033447892,0.867861772404363,4.68940044170728,6.02530356680081,11.8710046038296,31.1204959527247,0.682192194212571,0.728748115630082,4.6587521210663,2.40486486026361,3.71890361924693,3.93102285104595,1.38375726164196
error,46935470
