num.sigs,46
likelihood,44016.09
evidence,76975.44
relevance,2.38108228972677,9.64398456705194,0.71118635171573,1.41816827426582,7.99705611208266,1.26502756876745,2.37412004294312,3.73692230544013,2.04515980532265,2.14765420263836,7.02687315871483,5.39965106957262,1.88029439757036,12.4980705571404,4.62262588103695,32.4039025734533,4.33063635789764,1.73520175892717,0.799527576429979,1.70548555384978,4.69284217359592,2.40388761754482,1.18737934925112,6.36993288803386,1.42640661675926,2.3775452091165,2.25496645824572,0.871188428407734,0.785519854365327,1.36230755017014,1.36757674668226,0.665287881025781,0.772264760099849,11.9209827770197,8.67975097541803,1.34006946415345,3.41477983735704,4.09118141727446,3.19342773343321,3.63486709498278,0.995540109353341,1.19440565928939,3.61567581608883,2.1436338969795,1.30217544091432,1.08276184152303
error,36036732
