num.sigs,11
likelihood,13015.57
evidence,-53780.7
relevance,0.00453926463912846,0.241764575565164,0.00453926463912846,3.20179785476386,0.00453926463912846,0.00453926463912846,0.00453926463912846,0.395767818219013,0.51441038279762,0.424317290795805,0.00453926463912846,6.48305501795874,0.00453926463912846,0.450246820825642,0.00453926463912846,0.495422979248943,0.00453926463912846,0.601097353442462,0.00453926463912846,0.00453926463912846,0.00453926463912846,0.26549673237139,0.00453926463912846,0.00453926463912846,0.21329999597239,0.00453926463912846
error,454368.7
