num.sigs,46
likelihood,44993.14
evidence,78223.9
relevance,2.70864401786672,4.30409394557379,1.92881041809293,1.26889302528881,2.00449139056305,11.7863857383773,1.17674444518714,0.908938582545904,3.69387799373342,7.49143747662942,1.32460153275101,2.84020149190233,2.49081751662015,4.0873353151423,1.24682254420633,1.56105082932696,5.2865743520025,1.73115889285299,2.13114780959085,2.73359253168833,0.765894208969985,9.98269448460409,5.1267057566469,0.753740555995832,15.2130546218989,6.33335613410685,1.85446768895603,2.39648028583675,3.39133834355015,25.5746064903512,0.739985636828254,9.72259846128634,1.45256703779399,12.2703904297394,1.59528359983485,3.73742186415882,1.1359567942204,0.725928132687184,1.82012029905368,1.03484286486742,0.495989553170466,0.96962144058072,4.72680067837434,2.40286404420955,3.52500430644111,1.61672062450906
error,44057103
