"","ID1","ID2","ID3","ID4","ID5","ID6","ID8","ID9","ID11","ID13","ID14"
"ID83A",0.00365422607853549,0.999997670870367,0.0362471768725374,0.00778225311662162,0.163502926041073,0.0274957559267687,0.0300702779239052,0.0312243393861614,0.0176164130276382,0.0200377151192794,0.0792691107002479
"ID83B",0.999997565834082,0.00531336451160347,0.0841010445540562,0.0052153189182812,0.0116975809522281,0.0388977391391254,0.051316432904887,0.0172218043910557,0.0598885494706461,0.0232726311139986,0.451859299279695
"ID83C",0.00762253560621262,0.0840471313208019,0.234226571871659,0.162885684969067,0.982270583656539,0.0851553636047692,0.139186725409948,0.460602862186682,0.15837674422941,0.642832519834675,0.0610486321956042
"ID83D",0.0343110430851628,0.0105303553593261,0.124590432524727,0.0483955004957417,0.255496399054368,0.410736176806648,0.991274193070116,0.174983316297173,0.0198358028681034,0.209947120779924,0.0466573896963959
"ID83E",0.0328958641617001,0.0290665386561931,0.993006126652747,0.0668065292497277,0.342062282987052,0.0629433401856883,0.103332382130704,0.497737402894252,0.238350471618678,0.11825363833735,0.0401516558940942
"ID83F",0.0222871311083038,0.00978965074162463,0.0660050498688882,0.0243949429550355,0.126731948316072,0.999202417303285,0.49843558492663,0.110839612329656,0.00708255934392754,0.0517496716987556,0.0300999802744086
"ID83G",0.0544379823255103,0.113161435785798,0.562402107616257,0.0454510727428434,0.597397581924344,0.113347827802305,0.148940427418023,0.990345474685852,0.0252434639213338,0.403297464785097,0.0827671312634475
"ID83H",0.452820369013133,0.0895114014535842,0.0654774662109864,0.0210216127054909,0.0699609920096648,0.038028257004429,0.0508277956713957,0.0489676149313812,0.0438163861498423,0.0355213144153718,0.999854630424485
"ID83I",0.0254154430989263,0.0123698485187879,0.0757591880594314,0.99442144379626,0.260319415997858,0.030254371790239,0.0526228113189201,0.0816039342506061,0.00646238224513807,0.138588113014932,0.0310768863185367
