num.sigs,62
likelihood,48499.67
evidence,86556.61
relevance,0.257558838237811,1.61487256988133,0.710430484576614,1.30754504645926,1.0414505208156,0.411336424353113,6.64675160477311,0.542352073219348,0.546168227666354,0.528705978228202,0.566245902892574,2.94739592761174,3.86500018312178,0.345530389860529,0.386550976960553,2.87131804724469,2.06253600453686,0.334498808435268,0.00775193798449612,0.828575733480061,0.980142837068247,0.00775193798449612,1.89841196626219,1.65577477223396,1.62655987065817,0.456141858328383,2.59478850946654,0.738341165312276,1.02647815732957,0.313135088672044,0.50288706156394,0.816091106668375,1.14788977364778,3.97676623884884,0.894920939109325,0.222544665212784,1.04391665265649,2.84237704371244,0.652206209541386,23.8692756106705,8.44995738677358,2.9988196023339,1.70862117925482,0.515556022446711,0.368320594300583,4.39645442081886,0.300989182173858,3.33040642925356,0.222966465031749,4.26582504620928,0.702168017448169,0.731432167829031,0.817228011796131,6.6642423210694,0.454512452598006,0.607363036476063,0.121144083958017,3.06869397392379,0.689321096275007,0.655966036655019,5.70703858515973,0.462153179287476,2.81261372182617,0.573378799807563
error,34145230
