"","ID1","ID2","ID3","ID4","ID5","ID6","ID8","ID9","ID11","ID13","ID14"
"ID83A",0.0039724108925081,0.99999581926793,0.0356449986780925,0.00787946068628087,0.16320765150367,0.0273553313550765,0.0298950007360917,0.0301102940161337,0.0175477499379283,0.0198228712174615,0.0793744567077934
"ID83B",0.999983924627231,0.00577491885457126,0.0836339462579839,0.00444820545069635,0.0110749928445663,0.0387601673038089,0.0512543715840386,0.0167274197951293,0.0596868798914463,0.0231003638130481,0.451889532448781
"ID83C",0.00644125715910482,0.0378904695039786,0.216587678542039,0.129578762954654,0.953226513894472,0.0743427129854461,0.145678385411836,0.438110283766661,0.137350483266192,0.767915049545843,0.053320750843227
"ID83D",0.120638646751426,0.00716867166945767,0.120175895030822,0.0364093928669968,0.227492124781856,0.372469861500778,0.988468016917114,0.15913797382724,0.0287547848721628,0.157485068225707,0.0843704760228265
"ID83E",0.00685316873709818,0.0123373092871426,0.991862108362639,0.061838171308488,0.340618643043312,0.0643717071258387,0.104547640684162,0.50368681429536,0.227611129487508,0.115245914948968,0.0271271160152371
"ID83F",0.0103209873122985,0.00670213418671706,0.055038970256619,0.021788114879793,0.121326201189047,0.998443841630548,0.501913039692253,0.0964749794643232,0.00581060301823144,0.0488783120222889,0.0238813234891139
"ID83G",0.0838274789347142,0.0734642210733897,0.566910436989734,0.04510266820869,0.508461769693987,0.113458723137022,0.141118733639232,0.992900637842862,0.032957438814417,0.227446107757208,0.0911560504181537
"ID83H",0.0188890683959195,0.0119200898472651,0.0732516623086941,0.990540124424818,0.276474625405466,0.0296000296163695,0.0548559703032594,0.0802110042074899,0.00659853902057173,0.168096928021297,0.0282653589365212
"ID83I",0.450820822695327,0.0984504812935061,0.0642778820223555,0.0194039859115931,0.0693295094363026,0.0354512265107426,0.0451704813182524,0.0467747960052857,0.04324594765187,0.0351578859260597,0.999608501122229
