num.sigs,46
likelihood,44124.72
evidence,77321.83
relevance,1.8251014952015,10.8765273763424,0.79437250564593,1.05507139568049,3.65752078156325,0.933179996463706,7.25430153413289,4.10310049180698,1.39625796264396,2.75285246711254,31.5940402372915,4.56778565176632,11.1957478943506,1.8787283454688,1.3365648316864,11.9693279675853,1.78377105548956,3.34379432096087,1.6334948561108,4.72647377398076,1.39470975254871,0.931886412084553,2.67152659055888,1.28033664322285,6.71820322277769,2.12687852414611,0.856219345223569,0.966709575946782,8.89247219058391,5.54255783897749,1.17163455041474,2.47553568291716,1.25835925069966,2.23264919401493,3.46794213479603,1.12771934557402,3.64001296734077,7.47684757853895,1.47660846661631,2.63140423968994,0.971422440606516,0.981802861182569,4.97401668296313,1.46233181418507,2.60514584357246,1.28279433103474
error,42193162
