num.sigs,46
likelihood,44146.59
evidence,77350.95
relevance,0.728357580535683,1.14893280483272,4.2019289867977,1.28330740422704,26.5671449631166,1.29418923520887,3.69212375604291,2.11716687475962,1.09350723263206,2.75079523132112,3.59678847542062,1.67636999781517,1.32140250356279,1.37239027635674,11.167976463274,1.75660333267092,3.4138932479972,0.725676632818564,2.6700470416771,4.93216216699786,4.306695468502,1.21790059639763,13.8370612165787,4.50705772255733,1.24949162432517,0.893312458438599,7.1146969989949,1.08658504289649,1.05346267703567,1.36359351286749,9.82707152255576,3.72680533488349,1.19729344252343,3.44901183538119,6.15952231116918,1.44421357509463,1.09963838174003,4.65610616290026,1.57713301983954,0.894029313726912,2.46203127980358,7.47600654404119,1.10308923849419,9.18791386400117,11.256130640039,1.41984314265808
error,48645093
