num.sigs,63
likelihood,50103.25
evidence,91449.25
relevance,23.5259289552044,1.02448370675483,2.52870125773648,0.45351916280103,0.8436382733953,1.97635044861362,0.567476225571266,8.40736684204775,0.324750141255982,3.92665903212504,0.220967261851952,0.749087504237167,1.65988047338897,3.91897341496662,1.17308299359838,0.600737398651033,0.576596856796957,0.247684171732142,0.565179705955139,0.177709663202518,0.498870078297901,4.26337202807028,0.00775193798449612,0.68314203438712,0.190877111150865,1.42911845890869,0.308446385562675,2.76309362387716,3.91288552938008,5.16497620912955,0.838714240115533,0.672649907864005,1.51961462750947,0.591297876169364,0.725838957173257,0.330063025532241,1.1472736916112,2.91405007270831,0.629935329128687,1.69598363640559,7.23616344046408,1.11778431645774,1.04687023690448,0.302585378528735,0.883855113815643,0.637024019851854,0.257732421849655,3.09745975485954,0.318038581391241,0.543216366711796,2.45896949901939,3.64379539890649,1.04245833577607,0.484942542716277,4.34398514941784,0.442449150928545,7.24413416786467,0.433582946034883,0.876125209584244,1.05131748834689,3.9598232485786,0.505904420234051,1.7955944985274,0.877229705251762
error,38019451
