num.sigs,46
likelihood,44143.5
evidence,77142.87
relevance,4.6254938136206,9.59970158584666,7.50082584037729,0.85136987178128,1.34954286657323,1.65534975351581,1.72260803052694,3.45682363299372,1.16530017378354,9.4015899018335,2.12032383259091,21.9066383179914,1.31718821081276,1.27353723019705,1.02292921034364,1.08168056748019,5.15052227217651,2.01163201264123,0.740274826049381,0.996118175037452,5.30902744377922,6.19380219744623,1.82746208669924,1.36187084093735,2.62320041530445,1.20625959752606,12.1257443878214,3.41215937094394,0.862697112158981,3.76184587101057,0.988819260043756,22.4232605153733,2.33706865885602,1.26158869200962,5.39252404019865,4.37590885490467,2.5551367019333,1.10289222651439,1.37323963316344,4.6874083368616,3.91371888457501,2.82547671031628,0.850710814197704,5.42157779805189,0.640502475516266,2.00649850598677
error,45132970
