num.sigs,64
likelihood,46605.06
evidence,88047.95
relevance,2.58366440821813,3.11997086807924,0.571647387302559,11.1147227272688,0.96589955638794,0.611842555254976,0.328856684718806,4.09448718851964,0.550189728789415,0.557650810357443,8.51228249440257,0.679260572630766,1.40081152000763,0.428216751577469,0.661359183130227,13.9425686231249,0.363477715874203,0.727723554676694,0.741827283897329,1.40568715461983,0.110322242283982,0.155481496020918,3.88686109241826,2.04819410794298,3.88820404381755,1.20839058491121,4.35841326205116,0.209826159908636,0.39907107307431,0.536644638439688,0.286835798140226,0.546747065815965,2.72431294399303,1.21442880581788,0.74110814060155,0.81240402601853,2.4044025222263,2.01072524980518,0.357875864315488,0.974633485149786,0.505322031220121,0.467233291917267,0.51834023177202,12.8753808304957,0.523635972302073,2.08615244179357,3.4058792086688,0.190540679172435,0.277200838925137,0.315365363552791,0.330077254009234,1.02092703617115,0.231603675805871,2.88053830286994,1.0052838078998,0.458328736263157,0.937212039085909,4.11489099787304,1.65594755051287,6.59091976041941,1.64065324540004,0.521221693847183,0.462852928790369,1.04568725380671
error,38132880
