num.sigs,46
likelihood,44585.34
evidence,77248.26
relevance,5.27475576313242,0.33602999236221,1.25681999331258,2.61169690733978,0.742469563283868,0.763368711780139,4.99317509576937,1.30789213663534,9.61160071567937,1.30741709753188,1.56229975130338,1.39771445421339,11.6700982981467,1.39627998900329,0.78965718349554,26.3863062227064,1.98362704338738,16.4420455187343,0.878026821227416,1.10090413016703,1.4756746371219,0.758270621768994,1.22480892214281,1.18396704425981,3.41124790615859,6.86920831020519,11.7078854315888,1.74181501053089,4.17723910519842,1.28044063097636,2.14771854113146,4.65754973141058,1.24571654978349,2.11352430683585,3.74934085157146,3.8223961284453,1.87170970246546,2.43278814270051,4.01546439223964,7.51326171763307,1.4489370946125,4.46533285614956,3.39310839498492,3.13080591140228,5.4704289314601,1.38412315943572
error,46054396
