num.sigs,46
likelihood,42936.44
evidence,76133.59
relevance,11.2439163007677,0.830315574590896,1.44612732757146,1.12183311445038,10.7945986577912,0.756431616079095,7.05640589013758,0.899595426152344,1.16120541294841,2.11320517594823,1.19868957706236,2.63744347454591,3.9642328921069,5.88799323955899,3.26634284300669,0.738116552797055,6.12115421963246,4.84613881479435,1.26304667811762,1.64531100945347,14.4715689891584,25.8598348893438,2.15401943390065,0.876468189752663,10.0470194828345,3.67705090767333,1.27641658320277,1.80349422209327,10.6287262592391,3.51221628648815,0.882058081395439,2.44383214989737,0.452995712789516,2.50763842809938,4.75503339066646,3.3783617601082,4.08677197974003,1.33043662557934,1.51497417166275,1.36033469593033,4.21321291345173,4.85081974375394,1.84571987714496,1.29268888240083,2.81371469752444,1.02665820620215
error,34779000
