num.sigs,46
likelihood,44590
evidence,77020.34
relevance,2.5488459662601,1.28081404107926,4.69579695418123,0.854037380250057,4.2054432773525,0.738553933614732,3.66726319785457,1.21718417570428,0.907853015402855,11.6432098434196,1.41046903657707,4.99568104363517,1.43906177284227,0.829999936475145,1.36907500289077,3.7761428627162,1.68154635246192,9.64458729120996,0.819296506792539,7.47901895176777,2.11468485374657,1.24718854033353,2.24167287705034,5.75061723136973,0.341367979276961,2.32980212553245,2.52868220524588,1.18260373693694,7.17177598341,1.11731478696906,1.27354282311378,19.9433918610671,2.67394461485315,1.34799781132356,11.5049361375421,4.17677516171036,1.21424190917023,5.84050849455523,4.23657882128853,3.73161183759834,2.97581479443924,23.7857233908353,1.26215683824992,0.69872569552722,0.822208736669237,2.79764091265199
error,47245684
