"","ID1","ID2","ID3","ID4","ID5","ID6","ID8","ID9","ID10","ID11","ID12","ID13","ID14"
"signeR.1",0.000817543979491964,0.999781236611087,0.0324467223544009,0.00486193392928724,0.15323800916331,0.0253379243660207,0.0287789153793169,0.0228537081768772,0.00324682929679998,0.0166198134845831,0.0137257974841687,0.0172032178835394,0.0772202574092583
"signeR.2",0.99999037912361,0.00502239643095037,0.0838717746941274,0.00586247195846445,0.0109905931810462,0.0388687110116364,0.0512161215739411,0.0169156840466619,0.00305941419756084,0.0596569771675007,0.0058576858813717,0.0230557619372904,0.451828144860182
"signeR.3",0.018169552255369,0.998082614841259,0.032270696221711,0.00607928969514238,0.140873248264512,0.0241022348941557,0.0298651523341898,0.0118351696563697,0.00403858269592205,0.0180266952504502,0.00813328000577507,0.0153364412881354,0.0838463260247803
"signeR.4",0.00502181969516025,0.0584901334331636,0.345979379138844,0.180490430593826,0.97101356593584,0.129573916402517,0.322451956674488,0.581544873742368,0.141104732192423,0.0929237379392901,0.267188167869904,0.699035336176577,0.0641666895566593
"signeR.5",0.257258066715396,0.912022073640505,0.106774183191941,0.0351706022418355,0.301636422071911,0.0643501411577726,0.0547485846077645,0.178632034692827,0.0263804349532994,0.0383702766205016,0.0976166876212607,0.0636949614987273,0.199112525165297
"signeR.6",0.0221872625840152,0.00717903713778245,0.116238587217233,0.0329871170282134,0.176809301635693,0.84617676087596,0.86503514936477,0.183373095009484,0.0720536093869607,0.0117096085192837,0.0587957734105352,0.079766006098309,0.044365812536137
"signeR.7",0.0395936015903163,0.012191995531895,0.971249289660436,0.0546551796162908,0.345362741272754,0.0717270418329212,0.120363795692715,0.619572329806921,0.186090772701654,0.36745311766594,0.155427388024851,0.123479115181716,0.0524411080064047
"signeR.8",0.232722908824742,0.228601561974707,0.0562683160159306,0.0209652820815427,0.0977924228837341,0.0334040655669003,0.0421234594055624,0.0584328579818632,0.0719611880913673,0.0360116201760541,0.026135302906187,0.0358770203569934,0.962865929364467
"signeR.9",0.00827382199950999,0.00998581501140439,0.0791984862644912,0.996516670248694,0.217767521674957,0.0304213643476053,0.0559712974098607,0.0951968778125959,0.0926847627911327,0.00574318211370395,0.0406156338583897,0.0551961009550332,0.023038902231363
