num.sigs,11
likelihood,13015.9
evidence,-53780.6
relevance,0.00453926463912846,0.00453926463912846,0.00453926463912846,0.00453926463912846,3.20194353800791,0.00453926463912846,0.450186997143548,0.514404483892873,0.00453926463912846,0.395747652690531,0.00453926463912846,0.495423078737542,0.00453926463912846,0.601088437596825,6.48305701094029,0.00453926463912846,0.00453926463912846,0.241764575674327,0.00453926463912846,0.00453926463912846,0.265525583770212,0.424255348191731,0.213296692016423,0.00453926463912846,0.00453926463912846,0.00453926463912846
error,454501.8
