num.sigs,62
likelihood,48576.86
evidence,87560.33
relevance,1.21092063899081,1.17440944311937,0.775867756120753,2.98177245271333,0.482852975694081,4.07244003056659,0.00775193798449612,0.351927023364124,0.663993616323538,16.550767782947,0.786368535335214,0.590614375738085,2.85058907933409,1.41023707155733,0.486517820196645,0.238183176047747,0.586338518802698,1.60770576495589,0.731967848701564,9.16264651592695,0.291582738844948,0.553230271425887,1.72733039561595,4.01219962667134,0.431054318508674,3.09241942250184,8.44046413964347,0.286777227263197,0.390601050640051,0.580111789498022,0.00775193798449612,0.580709595355052,1.03867070825826,0.700265328477097,0.946335927972337,0.47546267754722,0.4909761340716,6.69734348438634,0.363086988730473,1.09052826094432,0.648230642143255,1.58870947404325,1.38215926815226,0.560339330783038,0.716115089185341,4.86095124745496,4.38697035872983,2.3291036469433,2.73953447810653,0.990781329657806,1.17455717713091,0.120874598013233,11.8497973154319,0.522235599832563,0.823253149671925,1.67315234173487,1.76836487524437,0.233087138403406,0.219595942110257,0.562672312747123,1.46383167771519,4.2709834350697,2.60215726279234,0.885118205759337
error,34508429
