num.sigs,11
likelihood,13015.5
evidence,-53780.72
relevance,0.601082862096541,0.395768868808658,0.00453926463912846,0.00453926463912846,0.00453926463912846,0.00453926463912846,0.00453926463912846,6.48305717414181,0.00453926463912846,0.00453926463912846,0.00453926463912846,0.514390458438139,0.00453926463912846,0.49541782577412,0.213300242369721,0.450269985207574,0.424250572127071,0.00453926463912846,0.00453926463912846,0.00453926463912846,0.00453926463912846,0.241773145824183,0.00453926463912846,3.20175094932958,0.00453926463912846,0.265549781882537
error,454431.3
