num.sigs,46
likelihood,45288.17
evidence,78023.23
relevance,3.56725080165575,0.811373563427494,7.48513251727981,1.32892786504579,0.902609933248812,1.86923066816739,9.10021037883189,1.34975227352335,5.91074003497937,3.76083848374882,4.11626346865774,1.10366090797142,1.20602962987204,1.26496401506262,26.2435296973353,0.815349596653026,1.19825672297197,2.83386239154466,4.69845333778059,1.43468224673164,3.05234766590363,0.795194510804262,0.812587587820958,12.5980235980531,13.0083305629044,7.30992569884098,1.26916130867481,0.361030771519754,11.8722326696969,2.40590232491874,1.10575094432015,1.32753838573019,4.81497937731236,1.25243833345242,0.734720503576767,4.55241151457984,2.86992002959118,1.79625647437573,4.43271624392258,1.37652008868618,2.09927788495742,2.6055115446404,2.61518602360854,12.0634975677602,1.14929015664748,3.33655513571213
error,50248207
