num.sigs,15
likelihood,84645.06
evidence,35790.59
relevance,0.423017404598756,0.00453926463912846,0.2405545900789,0.00453926463912846,0.00453926463912846,0.366011549158699,0.00453926463912846,0.567647389066455,0.26550698352647,0.496929335104694,0.275898537446581,0.00453926463912846,0.0651239474950762,6.77485954899835,0.891112194287567,0.42073800927146,0.209056890037372,0.00453926463912846,3.16136500398294,0.00453926463912846,0.00453926463912846,0.00453926463912846,0.477359889560684,0.00453926463912846,0.00453926463912846,0.412618027911599
error,11230804
